SKU,1er trimestre  ( 2015 ) - Cantidad,2º trimestre  ( 2015 ) - Cantidad,3er trimestre  ( 2015 ) - Cantidad,4º trimestre  ( 2015 ) - Cantidad,1er trimestre  ( 2016 ) - Cantidad,2º trimestre  ( 2016 ) - Cantidad,3er trimestre  ( 2016 ) - Cantidad,4º trimestre  ( 2016 ) - Cantidad,1er trimestre  ( 2017 ) - Cantidad,2º trimestre  ( 2017 ) - Cantidad,3er trimestre  ( 2017 ) - Cantidad,4º trimestre  ( 2017 ) - Cantidad,1er trimestre  ( 2018 ) - Cantidad,2º trimestre  ( 2018 ) - Cantidad,3er trimestre  ( 2018 ) - Cantidad,4º trimestre  ( 2018 ) - Cantidad,1er trimestre  ( 2019 ) - Cantidad,2º trimestre  ( 2019 ) - Cantidad,3er trimestre  ( 2019 ) - Cantidad,4º trimestre  ( 2019 ) - Cantidad,1er trimestre  ( 2020 ) - Cantidad,2º trimestre  ( 2020 ) - Cantidad,3er trimestre  ( 2020 ) - Cantidad,4º trimestre  ( 2020 ) - Cantidad,1er trimestre  ( 2021 ) - Cantidad,2º trimestre  ( 2021 ) - Cantidad,3er trimestre  ( 2021 ) - Cantidad,4º trimestre  ( 2021 ) - Cantidad,1er trimestre  ( 2022 ) - Cantidad,2º trimestre  ( 2022 ) - Cantidad,3er trimestre  ( 2022 ) - Cantidad
0013121,3,1,,1,1,1,,1,1,1,,1,,2,,1,,,,4,,0,1,,,,1,,1,,3
0013136,,,1,,1,2,4,2,,2,,5,,,,,,,,,,,,,,1,,7,4,1,
0020503,34,44,80,54,19,35,46,31,37,32,21,40,47,25,53,55,39,66,21,27,30,18,47,38,53,29,43,47,33,43,33
0020589,"1,866","2,883","5,949","4,097","5,687","5,931","5,415","1,763","3,598",2,"6,152","1,995","9,847","7,975","8,387","6,080","8,663","5,906","5,278","4,920","6,553","4,983","8,889","7,534","4,258","8,338","10,431","9,971","9,971","8,111","7,280"
0020590,"1,060",932,789,"1,237","2,427",918,"1,395",819,"1,084","1,262","1,419",834,"1,569","2,390","1,604","2,961","3,063",935,"1,799",898,"1,303",670,943,6,20,50,0,1,,,
0020668,71,19,45,34,40,29,46,31,27,32,58,21,40,20,46,49,26,72,5,38,42,24,49,71,68,67,57,57,62,37,35
0026069,,,,,,,,,,,,,,,,,1,,,,,1,6,2,2,2,58,4,86,30,53
0026081,,,,,,,,,,,,,,,3,1,,,6,8,3,6,8,10,4,6,7,13,20,14,
0026088,,,,,,,,,,,,,,,,,,,,,,,9,4,6,4,4,6,1,3,
0026090,,,,,,,,,,,,,,,,,,3,2,8,4,8,15,6,25,5,10,20,26,32,17
0026092,,,,,,,,,,,,,,,,,,,,,,,6,12,13,22,2,29,7,8,16
0026096,,,,,,,,,,,,,,,,,,,,,,12,19,18,20,27,10,14,29,10,27
0029049,,,,,,,,,,,,,,,,,,,,,,,,,,,3,3,,1,
0029050,,,,,,,,,,,,10,12,7,17,7,5,2,3,6,5,9,2,7,10,7,6,6,8,6,2
0110018,9,3,1,4,5,7,6,2,4,,4,4,2,4,1,11,8,,9,7,6,12,7,15,11,33,,,7,10,16
0110050,40,46,38,37,43,49,90,39,49,72,54,71,50,53,33,35,75,46,58,23,63,12,79,7,22,33,60,,57,23,22
0110051,19,21,40,31,47,19,45,55,8,25,39,1,34,17,23,28,42,14,48,3,22,6,70,3,9,11,32,23,25,25,24
0110052,24,46,47,46,60,,2,,,49,30,70,63,81,31,19,98,44,71,57,67,21,122,,68,8,92,29,60,37,63
0110053,49,24,14,22,17,19,33,32,19,24,12,38,44,23,35,13,18,14,26,23,20,4,19,8,8,9,23,11,11,35,3
0110054,56,60,46,62,92,61,86,75,56,34,50,96,130,123,63,102,75,69,129,85,118,38,114,,150,,108,39,86,88,56
0110055,,6,7,11,27,22,19,25,20,16,4,18,87,10,22,23,25,8,11,1,4,4,10,22,30,22,17,13,4,21,18
0110056,,35,41,39,57,28,17,12,54,30,23,72,35,87,16,56,56,29,66,24,34,34,48,65,33,9,50,17,44,34,44
0110057,,67,10,7,22,19,7,36,16,27,15,42,49,12,4,47,30,4,15,4,16,4,11,5,32,13,21,7,9,27,24
0110058,30,29,9,11,29,33,35,32,20,20,7,19,,11,11,17,29,4,20,18,31,17,30,11,39,3,16,31,51,3,22
0110060,19,23,17,17,27,23,5,22,21,8,20,50,45,35,27,52,38,13,43,13,27,9,17,13,27,19,24,24,39,6,13
0110061,14,11,9,21,21,4,3,10,2,8,8,2,5,16,11,10,8,2,7,3,,11,17,1,26,1,6,15,10,9,6
0110062,3,14,4,3,14,9,2,7,3,5,14,10,6,23,,6,18,3,9,1,7,3,10,6,14,1,7,5,5,9,6
0110063,1,,1,3,16,1,1,1,3,3,,4,4,1,2,2,2,,4,,5,1,,,2,2,,3,,,1
0110064,20,30,29,13,46,17,23,11,38,25,10,31,34,25,14,22,57,7,22,,21,18,10,10,10,20,30,11,14,1,11
0110068,,4,9,6,18,14,9,,,13,4,18,14,3,7,10,16,2,4,3,6,7,12,,3,5,8,7,21,2,3
0110101,3,18,9,15,37,14,19,31,44,15,30,9,21,27,5,11,5,2,,,,,,2,,,,,,,
0110102,,,,6,40,5,28,48,22,13,6,20,39,17,5,25,30,15,16,4,12,23,21,17,21,12,24,7,28,8,20
0110103,79,147,187,56,92,62,177,72,79,139,78,90,79,142,84,84,116,38,34,50,20,24,33,27,23,21,58,7,26,30,22
0110104,,,,130,38,32,71,27,38,54,16,54,56,23,29,41,36,28,16,3,7,21,34,23,17,3,7,28,16,28,27
0110105,260,109,181,110,126,191,170,104,60,232,96,120,103,228,205,118,152,54,117,73,202,17,51,6,163,36,63,7,108,85,84
0110106,97,156,112,84,149,124,161,127,83,171,90,117,30,81,36,74,46,45,45,122,69,15,134,42,43,46,102,62,203,51,91
0110107,"1,531","1,435","1,436","1,328","1,144","1,384","1,415","1,321","1,127","1,213","1,057","1,415","1,175",776,723,969,702,859,862,953,955,500,"1,090",745,876,585,"1,273",606,"1,976",2,799
0110108,55,118,102,155,133,117,116,43,40,75,65,95,62,64,58,54,80,23,50,43,147,23,40,83,39,103,22,26,237,4,18
0110109,421,595,268,361,398,539,531,337,412,636,503,561,469,825,343,362,365,438,448,300,307,226,357,174,280,363,207,142,349,225,239
0110110,76,95,74,46,42,103,90,40,69,28,136,48,14,37,90,12,53,99,91,47,77,59,90,4,20,121,15,49,23,110,78
0110111,"1,618","1,403","1,694","1,452","1,765","1,700","1,811","1,445","1,389","1,238","1,357","1,290","1,494","1,136","1,288","1,535","1,029","1,400","1,107","1,155","1,037",792,"1,174","1,404",405,1,"1,360","1,182","1,220","1,194",833
0110112,116,93,112,194,177,221,269,175,207,210,197,41,361,115,700,423,4,6,251,335,320,162,326,365,288,346,441,56,294,313,247
0110113,346,480,363,240,260,330,205,128,382,290,299,239,282,109,146,232,89,323,164,324,16,57,215,136,208,162,80,119,178,331,153
0110114,22,12,25,12,9,4,15,11,20,3,11,6,1,3,,4,12,3,22,4,16,6,13,8,14,29,4,5,13,6,56
0110115,"1,208","1,342","1,335","1,430",551,"1,141","1,145",903,4,"1,000",529,481,665,799,895,"1,421","1,092","1,054",744,863,"1,011",690,874,917,"1,056",889,952,854,"1,245",937,666
0110116,14,28,43,19,19,46,39,22,18,23,30,44,14,38,50,21,19,17,8,4,28,1,28,11,41,9,3,3,12,21,10
0110117,449,170,48,111,338,321,350,252,35,323,285,317,258,221,236,327,292,279,255,223,245,244,234,165,220,266,213,8,405,271,215
0110118,7,13,6,36,26,9,16,22,11,12,19,19,21,16,14,14,15,15,5,5,9,5,14,9,12,10,13,7,24,,9
0110119,586,491,596,578,448,443,515,497,291,536,429,521,465,309,431,547,502,345,579,465,425,362,390,294,430,385,459,193,434,337,373
0110120,4,10,18,20,9,5,6,11,9,15,13,2,9,10,8,17,10,7,10,9,16,5,4,4,22,15,9,2,17,3,6
0110121,88,21,78,60,44,77,48,61,64,80,56,55,105,99,47,53,74,31,58,64,53,63,31,69,37,50,53,52,62,36,42
0110122,3,7,4,,7,7,3,12,4,14,2,4,1,2,,,2,2,1,,3,,5,2,6,3,2,0,9,1,1
0110123,179,231,225,174,206,252,172,196,179,206,140,238,185,209,111,172,132,171,352,146,150,180,210,145,112,170,218,175,219,125,88
0110124,,,,,,,,,,,,,,,,,,,,,12,,,,36,,28,12,33,6,
0110126,,,,,,,,,,,,,,,,,,,,6,6,,,,21,11,7,10,21,13,7
0110150,61,3,4,13,6,21,73,22,18,101,87,,,,,64,14,35,44,35,23,12,28,30,18,41,23,27,49,9,17
0110154,173,70,88,132,105,51,114,59,146,122,96,,,,,101,35,41,29,101,152,120,-28,97,16,36,56,64,35,28,15
0110156,"1,109",596,812,508,279,412,322,449,633,439,520,"1,010",383,584,701,532,4,275,605,719,812,421,758,476,798,365,"1,084",239,579,430,"1,178"
0110158,311,272,216,249,252,262,221,189,414,416,291,510,288,222,277,565,295,162,341,506,448,206,449,333,512,143,677,207,452,320,587
0110160,612,315,413,329,251,228,248,294,301,292,475,601,375,384,520,920,308,109,368,333,491,251,457,238,571,136,761,234,358,273,391
0110162,197,58,173,100,111,110,62,57,112,109,184,92,68,72,165,307,49,35,39,178,270,57,115,123,147,180,143,5,103,70,149
0110164,3,2,9,6,3,3,6,3,7,10,4,3,1,8,4,7,15,5,2,6,5,1,9,4,2,4,1,4,1,3,2
0110166,19,6,7,20,12,24,9,46,13,34,4,9,15,14,4,4,13,3,4,30,2,3,10,4,13,17,6,5,4,15,22
0110168,15,6,4,4,6,7,4,23,5,2,5,3,3,4,12,1,5,4,5,1,,3,5,6,7,2,10,2,4,5,1
0110180,110,168,112,147,103,66,72,111,68,96,66,78,35,101,23,88,1,2,71,105,142,46,30,57,71,30,48,20,62,29,18
0110181,37,31,108,51,29,43,53,37,31,38,66,47,32,146,31,57,29,8,46,28,38,30,9,12,34,35,24,10,31,3,6
0110182,67,80,88,83,40,48,49,62,63,90,48,26,,,21,37,24,50,17,32,106,38,15,81,16,61,31,70,4,15,13
0110183,7,16,9,25,18,1,12,35,3,38,19,36,69,102,21,11,,9,3,14,42,7,5,33,8,32,28,3,27,8,7
0110240,4,7,5,1,9,6,20,3,1,8,10,2,5,,1,,16,3,,,2,,,3,,1,3,,,1,
0110351,93,101,177,103,34,106,120,75,4,197,149,205,134,241,91,334,45,138,173,231,91,150,103,113,95,127,247,9,274,73,149
0110352,191,92,92,26,1,33,90,11,126,60,77,68,79,84,31,75,103,73,120,120,16,40,101,100,73,70,194,2,53,75,79
0110353,239,207,167,149,97,285,277,97,104,154,262,394,344,120,241,419,234,103,374,424,155,324,302,291,313,163,382,208,319,156,296
0110354,196,198,91,187,65,174,121,86,51,162,98,1,301,108,164,135,186,85,119,142,74,119,163,12,96,100,164,37,61,149,37
0110355,280,132,273,462,140,386,10,128,477,440,289,470,600,332,574,976,316,123,645,920,598,558,646,487,818,31,982,716,"1,096",4,385
0110356,201,192,79,208,154,204,237,137,240,263,174,423,352,153,142,170,229,299,322,281,128,148,339,247,380,79,8,106,275,220,305
0110357,"2,679","1,125","1,897","2,725",949,"3,179","2,582","2,545","3,059","3,115","2,749","3,107","3,298","2,690","3,697","4,997","3,852","1,434","3,986","3,274","4,058","3,478","4,807","1,678","5,350",971,"4,518","3,450","3,206","3,482","4,887"
0110358,405,440,547,252,449,432,224,243,239,325,311,345,701,547,424,274,469,495,356,441,526,211,442,319,370,239,552,254,870,,191
0110359,507,368,"1,140",999,746,897,947,791,950,"1,389",961,"1,476","1,632","1,326","1,188","1,957","1,193","1,329",820,"1,726","1,259","1,215","1,462",404,829,,"2,070",546,954,968,"1,106"
0110360,95,139,150,102,157,276,398,268,1,552,394,604,466,641,627,703,600,171,431,266,341,180,344,312,303,254,334,239,429,319,532
0110361,"2,596","1,692","1,787","2,733",833,"2,416","2,204","1,700","2,339","3,251","2,673","2,720","4,709","3,075","3,654","5,233","2,810",978,"3,534","3,312","4,322","3,210","3,966","1,099","5,582","1,117","4,506","2,977","3,283","2,938","3,529"
0110362,253,221,102,212,97,122,363,57,174,122,190,221,381,387,88,113,262,222,173,179,102,156,146,251,237,274,238,302,239,201,175
0110363,418,122,167,155,87,212,424,434,182,450,368,332,491,401,592,358,455,166,497,433,320,334,505,230,498,83,399,212,294,416,321
0110364,67,45,45,49,30,40,83,4,35,14,47,36,51,31,24,51,96,40,49,107,66,39,100,35,36,60,66,28,93,29,16
0110365,"1,941","2,173","1,476",300,604,"2,296","1,698","1,711","2,359","2,390","1,965","2,691","2,449","2,355","2,383","3,537","2,487","1,665","2,664","2,199","2,391","2,294","3,140",520,"3,423","1,289","3,029","2,180","3,020",920,"2,165"
0110366,76,14,34,43,30,55,45,37,68,54,80,,53,60,37,28,36,58,39,45,42,8,129,20,40,4,24,35,101,26,80
0110367,35,45,30,35,50,89,68,46,61,68,30,69,132,91,94,49,53,38,55,45,49,28,77,37,91,3,80,68,74,10,22
0110368,115,34,36,58,51,87,95,32,4,19,86,16,73,37,69,38,75,23,33,50,15,24,95,31,26,67,23,83,102,129,77
0110369,551,333,608,463,441,784,680,409,976,886,658,"1,004",992,"1,111",801,929,984,669,"1,001",976,995,590,"1,106",759,"1,257",143,"1,247",686,803,675,827
0110370,32,27,20,34,28,37,47,10,28,7,29,1,19,24,35,8,29,20,8,19,22,3,38,27,13,2,43,26,36,11,11
0110371,8,12,9,58,8,18,54,6,31,66,32,46,64,29,43,20,96,31,26,40,12,29,58,16,9,7,66,29,31,11,39
0110372,14,12,11,22,8,13,44,1,9,2,28,1,13,51,1,9,73,11,8,9,12,2,27,28,1,5,11,9,42,21,6
0110373,445,384,610,802,422,779,610,649,742,"1,165","1,103","1,323","1,223","1,057",849,"1,453","1,104",942,"1,348","1,290","1,279",897,"1,593",661,861,,"1,851",840,"1,315",788,"1,162"
0110374,113,62,112,153,42,163,166,105,71,81,74,6,16,47,7,91,3,9,51,8,54,4,68,14,21,18,20,15,5,87,25
0110375,24,1,36,29,21,36,29,30,53,41,15,19,26,22,13,21,15,23,7,6,11,15,40,32,4,10,26,33,62,18,16
0110377,15,95,4,177,116,106,103,91,89,132,163,284,,160,39,122,215,93,235,158,148,132,177,222,96,,348,113,213,149,150
0110378,1,5,5,2,4,3,3,,3,1,10,23,12,16,3,6,4,,3,6,,,15,12,2,12,7,1,1,10,3
0110379,1,3,7,5,1,9,23,1,17,7,13,4,15,3,3,12,4,2,5,2,8,9,10,16,6,2,16,5,22,5,2
0110380,13,3,2,3,4,1,1,2,6,,8,11,12,4,12,5,24,5,,1,4,2,9,4,,6,1,5,5,7,2
0110381,,186,14,423,267,559,259,233,369,614,523,620,229,327,337,610,544,317,265,200,200,265,840,386,679,35,"1,055",172,518,561,581
0110400,14,22,16,19,27,38,20,21,19,14,23,45,17,31,20,24,49,11,21,14,20,36,30,,20,6,21,25,32,16,20
0110402,67,47,52,105,92,2,85,94,113,113,104,43,87,157,111,145,27,21,128,109,83,121,145,160,142,111,189,119,146,110,150
0110404,11,15,11,19,6,9,11,7,4,10,14,3,12,9,5,11,5,1,6,3,8,13,4,4,1,9,4,5,4,3,11
0110406,233,126,227,139,130,137,146,159,215,212,246,130,105,166,173,302,243,58,202,146,237,121,205,221,280,43,291,242,288,242,240
0110408,5,30,19,10,6,23,14,7,8,6,9,4,12,10,11,18,,,,,,2,7,15,29,2,16,4,19,9,11
0110410,45,13,35,62,40,48,49,43,46,37,50,61,43,40,51,61,24,1,64,78,33,42,85,24,72,23,34,58,106,71,52
0110412,9,7,5,7,5,7,5,1,2,2,2,1,10,2,7,10,5,6,,3,4,1,6,12,2,,2,1,5,3,3
0110414,48,34,18,86,76,38,100,152,78,81,119,120,49,94,158,91,89,69,102,77,78,79,119,7,175,25,132,110,136,119,63
0110416,13,,6,12,3,21,11,18,17,7,10,5,,3,15,18,4,1,3,5,4,6,9,27,5,,8,7,4,4,4
0110418,9,1,19,26,4,20,27,20,29,23,29,21,18,35,40,28,20,17,20,48,12,16,29,22,41,9,15,22,54,21,25
0110422,24,15,27,25,27,20,22,32,32,23,28,41,18,25,13,38,20,30,28,18,23,16,34,18,36,,19,40,14,36,35
0110426,,2,15,13,,10,20,10,6,7,9,8,8,14,11,17,,1,15,9,7,11,8,10,19,,4,12,13,24,8
0110430,26,7,3,26,38,19,40,33,33,33,31,39,14,19,14,17,30,22,27,27,17,24,49,,56,4,37,26,38,55,37
0110438,17,14,10,14,5,13,14,19,11,9,1,,,,1,9,10,8,10,2,1,6,8,7,9,7,15,5,20,,7
0110442,13,2,1,9,5,,5,4,3,1,2,15,5,2,2,2,1,1,4,4,9,1,12,1,3,3,3,2,5,5,3
0110446,7,10,6,9,12,1,10,8,5,7,7,,,,1,14,5,3,2,,,,9,8,8,,3,11,14,3,6
0110460,6,4,1,,,1,,3,2,,,2,5,,2,1,3,1,3,4,2,3,,16,15,20,13,4,6,9,12
0110462,18,14,12,16,15,51,10,9,13,16,19,27,7,9,17,5,21,8,17,18,21,6,30,13,30,,18,30,15,19,30
0110464,2,4,6,2,3,1,4,1,4,3,8,8,12,2,5,4,3,5,1,3,3,4,6,4,6,2,3,2,4,3,6
0110466,28,20,21,38,28,27,30,36,25,47,11,22,7,22,28,23,13,34,15,24,32,8,22,23,38,9,39,29,36,30,31
0110470,6,1,3,5,2,4,8,2,1,2,3,2,5,2,2,3,4,9,5,2,,4,9,5,,,3,1,8,5,11
0110472,27,9,15,24,10,19,14,18,21,14,19,9,12,30,10,16,20,29,4,9,10,28,9,2,22,,29,13,26,17,7
0110474,8,21,18,10,20,15,7,41,17,14,6,11,9,6,7,9,12,21,3,10,9,7,8,10,15,,4,7,8,17,12
0110476,37,30,43,42,28,31,40,48,32,25,38,36,41,41,27,30,32,26,48,26,21,9,36,38,48,,39,62,82,2,18
0110480,35,7,2,10,6,3,1,5,3,3,1,15,5,1,1,3,1,1,1,1,3,6,3,2,1,1,2,3,8,4,1
0110481,5,2,2,6,,11,1,4,5,4,2,16,,5,6,,3,5,4,3,1,2,1,1,7,4,,1,14,3,3
0110482,3,7,4,3,20,14,9,5,11,20,10,,7,4,4,6,7,3,1,,1,21,1,1,4,,1,1,16,,
0110483,5,30,15,18,1,10,18,2,5,8,8,27,22,28,19,12,28,5,15,4,21,18,14,22,15,16,23,21,17,14,21
0110484,3,10,2,1,4,1,4,,,2,,9,2,2,,,,,1,1,,24,,1,,2,1,,4,2,5
0110486,,12,3,14,,2,3,,,15,,19,2,1,6,10,3,11,6,6,,,25,,20,1,3,,2,,9
0110488,,,,6,,,,,,,,2,,,,,,3,,,,,1,,,,,,1,,2
0110489,,1,,1,,,,,2,,,2,3,,,1,,,,,,,,,,,,,,2,
0110490,,0,,7,,,3,,1,,,11,,1,,,1,,2,4,2,,,,1,1,2,,,2,
0110491,,9,10,,,4,3,,2,,,3,2,1,1,,6,11,9,,,2,,7,3,3,4,8,,,2
0110492,,,1,,1,,,,,,,1,,,,,3,,1,,1,6,,,,1,4,,,,
0110494,2,5,,,,,,2,1,,4,1,,,2,1,,,,13,,,1,,,,2,6,,,2
0110495,2,2,9,10,,,10,11,4,4,,1,4,,3,9,,2,1,,7,,,1,,,,,,,2
0111552,52,21,29,17,32,64,35,40,30,,1,2,16,25,52,9,8,31,55,38,25,25,7,29,49,25,61,4,29,25,3
0111554,66,30,91,28,40,89,52,58,75,93,49,16,35,21,98,31,44,31,43,42,76,24,34,41,39,,113,53,51,22,9
0111556,36,44,54,30,50,51,45,41,68,66,34,36,10,36,88,8,5,12,46,49,36,14,29,42,55,,69,37,42,22,23
0111558,608,77,426,182,398,352,306,270,423,268,291,134,5,53,42,314,138,65,172,126,355,141,194,415,66,,532,93,102,84,94
0111560,22,240,258,56,188,160,79,101,287,171,36,60,139,113,80,113,37,11,219,34,82,116,58,353,41,4,262,26,65,35,21
0111562,305,257,192,142,204,200,168,170,288,213,109,94,218,32,70,338,114,41,214,91,258,254,160,195,227,,441,138,142,99,115
0111564,49,68,20,36,25,48,29,41,68,23,51,26,49,53,54,27,39,12,40,13,60,34,19,56,14,58,121,25,50,31,26
0111566,277,251,503,71,274,190,263,195,353,177,277,286,148,53,250,299,353,130,188,214,403,110,285,293,223,,488,227,257,28,75
0111568,67,59,54,49,41,47,51,50,40,10,36,21,16,10,48,37,,5,21,51,60,23,34,39,38,21,80,25,62,11,6
0111570,134,70,95,153,284,120,194,56,176,100,100,32,98,23,172,189,18,30,116,66,199,71,127,86,133,84,165,77,92,92,105
0111571,37,34,45,19,42,41,52,11,37,25,23,33,28,41,26,29,40,15,17,16,46,2,17,48,21,4,70,31,44,12,17
0111574,187,54,77,47,94,82,112,44,125,87,74,39,3,14,24,199,31,55,79,75,18,75,36,43,54,64,86,63,49,42,60
0111575,24,9,4,43,23,13,11,1,11,15,1,10,18,14,13,6,18,33,9,30,2,2,7,63,19,6,72,22,18,7,9
0111578,59,90,46,74,56,67,30,33,53,43,85,63,7,36,23,48,84,8,77,45,53,68,63,67,90,37,89,69,90,29,83
0111580,28,22,18,5,13,25,39,19,27,22,22,9,24,35,36,17,17,16,3,15,16,8,18,19,26,,64,3,19,,10
0111582,24,27,35,49,15,23,45,15,75,24,15,19,54,4,17,48,32,2,29,23,45,7,33,34,39,58,29,17,44,7,27
0111584,1,4,,7,2,2,7,1,9,3,2,10,13,6,3,4,3,8,8,7,,6,4,13,3,107,36,0,10,1,4
0111586,52,28,22,42,7,51,93,15,171,64,121,36,161,41,66,115,109,39,50,89,100,50,91,107,86,3,118,67,122,62,61
0111590,7,9,2,2,9,11,21,6,15,11,6,8,11,8,10,6,15,4,6,8,16,6,16,26,9,4,14,15,21,17,8
0111594,36,15,77,27,53,27,38,29,106,20,10,15,43,4,45,55,6,,47,19,83,11,68,46,53,20,49,58,36,20,54
0111598,13,17,13,16,17,16,22,21,14,14,10,23,17,7,41,14,8,4,8,3,25,3,12,13,8,,26,18,11,2,6
0111602,15,11,8,14,4,12,10,3,8,10,11,6,18,7,31,11,11,7,11,15,12,1,,2,20,13,14,9,14,18,30
0111626,4,3,,1,,,3,,1,,,1,,,,,,,,,,,1,,,2,1,,,,
0111628,2,7,,3,3,1,1,,1,1,,1,,2,,,,,,,2,0,,1,3,1,1,1,,,2
0111632,5,2,1,2,5,1,,,3,2,,1,1,,1,2,,1,,2,2,,2,1,,,2,1,2,5,
0111636,,3,3,3,2,,1,,4,1,2,1,1,,1,1,,2,,2,3,1,,,,1,1,4,2,,1
0111640,2,3,2,1,3,,,,4,1,,2,2,,,2,,1,,,,,4,,,3,1,,2,3,
0111644,,,,1,,,1,1,1,,,1,1,,1,,6,,,,,,1,,,1,1,,,,2
0111646,2,1,1,4,,,2,,,1,2,,,,,,1,,,1,,1,2,,,1,1,,2,2,
0111648,1,1,,,,,,,,1,,1,2,,2,,,1,1,,,,1,1,,,2,,,,
0111650,,2,,,,1,,1,,,,,1,,,,1,,,1,,,,,,,1,,,,
0111652,,,1,,1,,,,1,,,,,,,,,,,,,1,,,,1,,,,,
0111654,,,,,,,,,,,,,,,,,2,,,1,1,,,,2,,,,,1,2
0113000,,0,,21,,4,2,3,4,5,1,,0,,3,1,8,,2,1,2,1,,2,1,1,,3,2,,3
0113020,6,1,11,4,2,9,6,1,11,8,,8,,1,1,3,12,1,7,2,5,4,2,9,2,2,8,6,7,,12
0113040,11,16,20,11,5,18,4,10,22,6,12,13,21,14,5,9,8,25,1,1,11,2,7,20,18,2,12,9,14,3,5
0113060,7,13,21,4,4,17,4,5,29,18,5,3,6,9,0,24,2,,4,3,13,,5,10,,,17,3,14,1,3
0113080,12,6,10,6,3,16,2,7,16,1,3,3,6,2,7,4,2,2,8,1,7,6,2,5,10,,6,3,14,3,3
0113100,4,1,1,,5,2,2,1,,,2,,1,3,,,2,-1,,,1,,1,,3,1,6,,3,1,2
0113120,,2,,,,,,1,,1,,,,,,,,,,,1,,1,,,,,,1,,1
0600010,,,,,,,,,,,,,,,,,,,,,,,,,,,,,,,11
0600011,,,,,,,,,,,,,,,,,,,,,,,,,,11,6,7,6,11,25
0600012,,,,100,171,110,162,101,155,175,205,226,104,22,174,367,180,61,48,118,34,20,131,249,135,113,38,165,59,22,44
0600015,,,,,1,3,1,9,4,2,,4,,76,4,2,,10,6,10,6,3,,1,23,1,12,7,16,16,4
0600021,,,,,,,,,,,,,,,,,,,,,,,,,,,,58,34,53,28
0600025,56,218,561,218,440,131,122,82,247,161,278,239,135,9,,121,336,46,138,39,300,213,152,158,97,96,216,24,59,116,82
0600026,186,301,518,241,441,222,371,226,,195,329,274,199,114,255,96,806,111,195,111,22,307,157,229,119,112,3,391,348,161,139
0600027,79,205,585,66,70,112,217,85,210,152,80,157,57,147,13,91,53,9,93,69,83,20,125,22,17,61,10,96,15,17,38
0600028,315,95,"1,313",338,100,230,460,457,330,338,298,272,301,182,76,235,256,-27,77,161,92,105,177,441,191,,,179,245,322,243
0600033,2,1,3,,,1,,2,,,1,13,,5,,,,29,117,106,12,1,,,,,,13,18,17,
0600035,,,,,,,,,,,,,,,,,,,,,,,,,,,,23,19,99,17
0600037,,,204,55,102,109,51,70,78,74,54,104,78,95,94,86,146,,22,81,68,62,72,88,39,40,26,64,49,45,26
0600038,,,,,,,,,,,,,,,,,,,,,,,,,,,,10,59,5,11
0600039,,,,,,,,,,,,,,,,,,,,,,,,,,,,7,8,12,9
0600042,,,,,,,,,,,,,,,,,,,,,,,,,,,,,,,1
0700014,,,,,,,,,,,,,,,,,,,,,1,,1,,,,,,,,
0700017,,,,,,,,,,,,,,,,,,,1,,,,1,,,,1,,,2,2
0700018,41,20,2,14,22,5,17,11,14,16,10,8,,5,19,3,21,8,,9,9,4,9,9,7,8,,14,5,11,
0700019,35,21,,19,12,23,7,20,14,20,5,11,8,12,13,2,6,14,2,14,9,9,14,19,4,5,6,7,7,14,11
0700021,18,32,7,16,25,12,13,14,20,41,8,19,23,7,19,11,22,12,10,9,10,11,25,24,4,12,14,18,6,18,10
0700024,41,18,,14,14,7,12,15,14,11,8,12,10,12,5,15,13,,11,6,7,4,22,2,,7,17,5,1,13,7
0700025,6,10,9,7,,6,3,5,2,9,10,10,5,5,5,2,3,3,5,3,6,1,2,3,14,14,17,5,,9,6
0700026,3,11,2,8,8,5,3,13,6,4,7,7,7,10,4,6,3,12,14,11,5,3,3,13,19,1,,12,,9,1
0700028,10,8,14,6,12,16,20,12,10,12,8,6,24,15,11,8,20,10,10,16,18,4,10,14,8,12,4,12,15,11,9
0700029,18,15,21,20,21,23,14,24,14,16,7,33,26,44,51,25,53,20,29,38,21,13,17,41,15,6,16,42,12,27,21
0700030,114,106,92,92,127,103,78,61,89,61,69,107,35,67,112,59,52,59,81,67,78,52,98,54,37,58,60,56,82,101,13
0700031,2,2,1,2,2,3,2,10,4,3,10,8,2,15,3,10,22,8,3,9,,3,11,6,,,,,,,
0700033,1,4,6,10,1,,7,,3,,2,1,6,1,,,4,0,1,2,1,,3,,1,,1,2,,1,
0700036,10,,3,4,11,1,9,1,10,5,5,6,5,1,9,,7,5,8,17,3,6,10,4,3,8,2,13,6,3,5
0700037,3,1,3,7,3,3,3,1,6,3,3,5,5,,,,,,,,,,2,7,,1,,,1,1,2
0780143,,,,,,,,,,,,,,,,,,,,,,,2,11,21,24,7,6,16,38,14
0780144,,,,,,,,,,,,,,,,,,,,,,,70,4,24,26,47,26,21,,
0780145,,,,,,,,,,,,,,,,,,,,,,,1,6,5,2,11,6,7,,
0780159,,,,,,,,,,,,,,,,,,,,,,,3,6,40,14,6,8,5,63,
0780165,,,,,,,,,,,,,,,,,,,,,,,1,7,53,2,35,8,21,56,13
0780169,,,,,,,,,,,,,,,,,,,,,,,,4,36,50,17,9,9,22,2
0780174,,,,,,,,,,,,,,,,,,,,,,,,7,49,6,19,17,30,26,15
0780178,,,,,,,,,,,,,,,,,,,,,,,,2,13,,3,2,1,,13
0780182,,,,,,,,,,,,,,,,,,,,,,,,11,16,4,23,11,19,22,11
0780200,,,,,,,,,,,,,,,,,,,,,,,,2,13,7,2,,14,3,12
0780202,,,,,,,,,,,,,,,,,,,,,,,,24,17,38,40,1,37,11,35
0780204,,,,,,,,,,,,,,,,,,,,,,,,10,28,56,6,,,44,24
0780205,,,,,,,,,,,,,,,,,,,,,,,12,6,28,22,35,,22,19,21
0780208,,,,,,,,,,,,,,,,,,,,,,,12,2,24,57,3,6,63,51,6
0780210,,,,,,,,,,,,,,,,,,,,,,,1,17,19,5,45,,32,19,15
0780212,,,,,,,,,,,,,,,,,,,,,,,4,14,34,25,25,7,42,52,29
0780217,,,,,,,,,,,,,,,,,,,,,,,12,2,18,1,6,4,36,1,8
0780220,,,,,,,,,,,,,,,,,,,,,,,,7,11,14,2,5,11,3,11
0780230,,,,,,,,,,,,,,,,,,,,,,,,,,,,,6,0,
0780232,,,,,,,,,,,,,,,,,,,,,,,,,,,,,6,-1,
0780234,,,,,,,,,,,,,,,,,,,,,,,,,,,,1,9,5,1
0780236,,,,,,,,,,,,,,,,,,,,,,,,,,,,,4,3,4
0780238,,,,,,,,,,,,,,,,,,,,,,,,,,,,,,,2
0780240,,,,,,,,,,,,,,,,,,,,,,,,,,,,2,8,4,12
0780244,,,,,,,,,,,,,,,,,,,,,,,,,,,,,,,5
0780250,,,,,,,,,,,,,,,,,,,,,,,,1,,3,,1,,,1
0780252,,,,,,,,,,,,,,,,,,1,,,,,,2,1,2,,,1,,2
0780254,,,,,,,,,,,,,,,,,,,1,,,,,1,3,1,,,1,,2
0780285,,,,,,,,,,,,,,,,,,,,,,,,1,1,1,,2,,,1
0780286,,,,,,,,,,,,,,,,,,,,,,,,,,,,2,1,3,6
0780287,,,,,,,,,,,,,,,,,,,,,,,3,6,6,28,1,5,4,4,6
0780288,,,,,,,,,,,,,,,,,,,,,,,,,,,,2,,1,2
0780300,,,,,,,,,,,,,23,0,4,7,7,5,4,4,6,3,50,7,19,19,21,12,33,2,3
0780305,,,,,,,,,,,,,29,12,1,2,7,23,6,8,12,3,16,9,10,24,18,31,17,23,9
0780315,,,,,,,,,,,,,16,4,,,,9,2,1,9,1,7,9,3,28,,21,19,6,17
0780350,,,,,,,,,,,,,,,,,,17,3,22,32,6,22,63,13,119,103,300,125,5,
0780355,,6,3,,10,,,1,6,,5,2,6,21,7,3,2,8,3,1,14,0,7,13,16,22,,,1,,
0780360,,,,,,30,,,,49,28,12,40,39,2,,,71,43,47,62,46,104,47,,,,58,74,39,43
0780362,,,,,,,,,,,,,,,,,,1,1,3,2,2,1,1,4,1,1,,,3,2
0780364,,,,,,,,,,,,,,,,,,1,2,6,1,2,,2,6,1,1,5,1,4,3
0780366,,,,,,,,,,,,,,,,,,1,4,4,2,1,,,,2,,2,3,4,1
0780367,,,,,,,,,,,,,,,,,,,,,,,,,,,,,1,,1
0780368,,,,,,,,,,,,,,,,,,2,2,6,,2,1,3,7,1,1,1,6,7,
0780370,,,,,,,,,,,,,,,,,,2,2,1,2,4,2,,4,4,2,2,4,7,2
0780372,,,,,,,,,,,,,,,,,,3,1,3,4,1,2,2,9,1,1,2,5,5,6
0780395,,"1,051",623,106,395,114,339,257,380,655,645,378,243,182,310,41,10,31,37,181,118,281,678,301,297,,,136,311,104,226
0780400,,121,72,9,,101,147,124,45,116,205,104,254,189,91,132,,233,254,151,118,193,237,442,75,369,345,262,178,146,278
0780450,7,93,6,3,,86,158,57,,159,268,150,139,267,126,82,2,150,143,149,228,151,267,213,227,371,308,70,22,16,66
0780455,1,87,14,1,,42,49,90,66,30,80,25,41,99,32,35,11,16,64,25,119,78,125,109,68,122,164,80,46,156,78
0780460,,157,135,149,180,179,184,167,55,285,212,296,235,288,,,,162,197,158,228,180,335,402,377,351,390,352,370,383,368
0780500,6,4,6,1,5,4,8,4,12,15,3,,8,8,15,5,2,19,9,5,4,11,19,12,9,13,24,25,13,19,8
0780505,4,5,12,8,10,9,5,8,3,9,22,3,13,6,18,,,33,4,17,6,,18,27,27,56,16,32,36,40,25
0780510,33,29,17,23,31,26,8,26,21,42,34,2,14,34,52,,,76,51,42,87,46,146,94,112,13,,68,151,101,74
0780515,,34,38,39,39,32,29,34,34,42,68,29,81,94,,,0,129,94,42,316,20,48,550,1,236,235,231,406,408,90
0780520,11,7,3,18,13,15,9,1,,12,,11,21,11,4,,,19,5,1,21,18,19,40,43,30,33,33,34,24,7
0780600,,,,,,4,9,2,,14,4,5,3,6,15,8,,21,8,7,22,12,8,8,14,17,13,9,13,14,19
0780605,,,,,,3,4,7,1,8,7,8,22,6,3,,,19,22,26,41,5,19,34,39,23,76,53,52,69,38
0781150,,,,,,,,,,,,,5,1,2,2,3,6,,,2,1,2,3,4,2,4,2,1,2,3
0781175,,,,,,,,,,,,,,,,,,,,,1,,1,3,4,2,,,2,1,2
0781200,,1,2,,,,1,,,1,,3,4,1,1,,,,1,1,1,5,4,5,4,1,,,,,
0781375,3,126,54,51,82,101,65,68,1,108,86,42,73,162,60,27,1,42,65,35,70,76,74,114,100,190,58,48,133,177,52
0781380,,107,43,21,26,50,36,22,77,42,45,2,19,66,30,56,21,21,27,29,47,17,40,38,67,44,68,28,63,83,72
0781401,24,23,19,14,17,16,8,12,49,23,9,3,21,26,23,19,4,12,7,16,11,15,29,8,8,14,12,23,9,2,3
0781402,1,13,15,3,,2,7,11,22,13,9,4,11,20,13,7,2,6,13,20,5,9,11,7,18,7,14,9,16,5,5
0781403,1,13,14,1,,17,4,8,4,20,21,2,13,39,3,3,2,13,5,20,24,2,24,16,17,35,11,18,13,17,6
0781404,13,24,35,14,,27,23,17,7,9,15,32,15,17,6,5,2,3,13,7,12,4,17,19,8,19,25,9,11,16,8
0781405,5,26,20,,,18,26,34,12,37,25,37,8,31,19,8,5,4,4,14,1,4,4,5,2,21,11,9,22,5,4
0781406,12,19,10,14,11,18,2,10,10,9,28,6,4,5,6,14,15,13,14,4,5,11,15,13,15,15,17,9,17,19,6
0781407,16,13,14,5,1,8,5,10,12,7,14,8,14,5,4,12,2,2,11,13,20,4,1,22,7,12,19,6,13,21,3
0781409,5,5,6,7,8,33,3,1,3,12,3,2,,,3,2,2,1,5,5,,,,3,4,3,3,,,,7
0781411,,4,4,3,3,14,,2,1,4,5,1,12,1,1,,9,,1,4,2,,4,4,5,8,,,6,6,10
0781412,9,14,12,3,2,34,9,4,3,12,8,5,9,12,8,6,1,5,1,8,8,,7,0,11,15,0,,8,12,9
0781413,,3,15,2,,,,,,12,5,2,5,3,1,2,5,,2,4,,1,9,6,,8,10,1,6,11,4
0781414,2,6,6,3,1,3,2,1,,13,,,2,2,5,1,4,2,4,1,,,2,8,3,7,5,6,5,1,10
0781420,5,2,3,10,,2,4,6,6,7,6,2,3,2,19,6,2,1,3,3,3,3,18,1,1,2,19,8,8,11,5
0781425,1,1,2,2,1,2,2,3,2,2,3,,2,2,2,9,,,2,1,2,,,1,6,,1,2,1,4,4
0781428,6,11,,,1,,3,6,1,5,,5,3,6,2,3,,1,3,1,3,,5,1,4,2,5,,5,7,2
0781430,3,33,26,,,19,10,26,15,24,42,13,18,16,26,17,,9,6,12,26,6,10,9,22,14,7,16,11,2,6
0781431,,9,7,10,2,6,9,7,7,8,6,7,1,9,9,12,3,,10,10,5,1,4,6,11,16,17,12,20,2,12
0781440,1,0,1,1,1,3,1,1,1,,,2,,,,1,2,,1,2,,,,,,,1,1,,2,0
0781479,,,,,,2,4,,1,5,6,1,1,,2,8,0,1,2,1,2,,8,3,10,1,1,,,1,3
0781480,1,,5,5,6,7,5,1,,1,18,25,5,,1,3,2,0,3,,4,13,,4,3,1,2,2,1,1,8
0781481,,,,2,,1,,3,2,,,2,,,,1,,,,,3,,,1,2,,1,1,3,1,1
0781490,3,2,2,2,10,4,5,,,10,7,,2,4,1,6,1,1,4,3,,2,4,7,2,,7,2,9,5,3
0781491,1,,3,1,2,5,4,,1,3,5,-1,3,8,2,,1,1,4,2,2,,2,6,2,1,3,5,3,4,5
0781493,1,1,1,2,4,4,9,1,,,2,2,5,2,2,2,4,6,2,1,1,1,3,2,1,9,,,3,3,2
0781494,1,1,1,,,,,2,2,,,1,1,,,,,,2,1,,,,,,1,,1,1,,1
0781496,,1,,,,1,2,1,,,,2,1,1,2,,,,3,1,,2,4,1,3,2,2,,1,2,1
0781500,,8,1,1,,9,,,,,,,3,1,3,1,,,,,,,,,,,,1,3,,
0781501,,,4,,4,6,0,,,,4,3,5,-1,,,,2,3,,3,,,3,2,,2,2,2,2,2
0781510,,,,6,1,,4,,,2,1,,,,,2,,,,3,,,,,1,,1,,1,2,
0781511,,3,-2,5,2,1,,2,-2,,1,,3,,1,,,,,2,1,1,,,,,,,,,
0781512,2,,,5,,2,1,2,1,1,1,3,,,1,,,1,,2,1,,1,3,1,0,,,,,4
0781514,,,,5,,5,1,,,,4,,,,,,1,,,4,2,-1,,,1,,,,1,,1
0781600,,0,,3,2,1,,,,4,,,,,,5,1,,,,,,,2,1,,,,4,,
0781801,1,,,,,,,3,1,2,,,5,,,,,,,,,,4,1,1,,,1,,2,2
0781804,,,1,,,,,,,4,,,5,,,,,,,,,,6,,,,1,,1,4,1
0781805,1,1,1,3,2,5,8,2,3,5,13,28,21,2,3,5,1,3,7,2,1,3,8,10,3,14,4,11,8,21,8
0781806,1,1,,,2,,4,,,4,,1,4,,,,2,0,1,4,,,3,3,4,,,,1,,
0783000,,4,6,3,2,10,4,3,,6,4,6,2,,2,11,,,3,3,3,4,7,11,2,6,16,34,8,26,15
0783010,,3,,1,,1,5,3,3,,1,2,1,3,,3,,,,,,4,5,3,1,3,,5,3,5,6
0783020,2,,4,5,,6,-3,,10,3,,,4,9,3,,,6,4,4,4,,7,1,1,10,8,16,2,3,2
0783030,5,,,1,,,1,1,3,1,,1,1,4,4,,,6,3,1,4,,9,4,1,5,7,14,6,3,11
0783040,,1,12,1,3,16,4,,,13,12,,17,21,1,1,,17,15,12,10,6,38,28,,39,59,76,84,89,4
0783050,1,,4,,,8,4,1,,2,4,8,7,3,6,6,2,6,4,16,3,,6,26,,5,11,24,38,,
0783060,3,,4,1,1,5,5,,,12,3,,3,4,13,6,4,5,16,14,15,8,8,19,12,23,,15,44,11,5
0783070,1,1,,,,3,4,1,1,2,3,4,1,3,2,5,5,,,3,,5,2,1,2,2,1,2,6,1,2
0783080,3,3,8,1,,9,4,3,2,11,2,2,1,1,3,4,4,3,5,5,5,4,4,8,8,2,21,15,16,9,9
0783090,,,,,,3,10,3,,4,,14,1,,1,4,1,5,1,6,,3,2,1,,1,4,6,2,4,1
0783100,3,3,6,2,8,13,2,,1,8,1,10,9,4,6,2,,,11,4,7,4,,34,,21,40,19,80,10,6
0783105,,,,,,,,,,,,1,,,2,,,,2,,,,6,,,,,,1,,1
0783110,2,1,,2,2,1,3,,1,10,,,2,4,2,5,15,2,,2,6,4,9,7,12,8,5,13,11,20,1
0783120,,,,1,1,1,1,,,,,2,,,,2,,,,,1,1,,1,,1,,2,,1,
0783130,,4,2,3,3,5,,,,6,5,3,,5,2,4,4,,2,7,1,1,,4,2,9,2,9,7,1,3
0783140,,2,5,1,,1,,,4,4,1,,,2,2,6,2,2,2,5,4,2,3,3,4,2,7,9,7,3,2
0783150,1,,2,,1,,4,,1,1,2,1,1,,,,2,,1,,1,2,,2,1,1,,2,3,3,1
0783160,,1,4,2,,4,2,2,,10,,,3,15,2,7,4,3,8,,4,,13,10,7,1,9,4,5,33,
0783170,,,2,1,,1,1,3,-1,,,,3,,,3,,1,2,,,1,,,1,3,3,1,3,1,2
0783180,,,,1,1,1,1,1,1,2,,,1,1,,,2,1,,,2,1,1,2,1,2,3,1,,4,
0783190,1,3,1,,,,,,1,,4,,,2,,1,2,2,,1,2,,3,,2,4,2,1,1,3,2
0783250,,1,,4,,2,,5,,,1,1,,,,3,2,,,3,0,,,,2,3,3,,,1,3
0783255,,1,,1,,3,,,1,2,1,,2,1,4,1,,1,,3,,,,3,2,2,3,6,7,1,1
0783260,,,,3,,4,,1,1,,,,,,,1,5,,,4,,,,,,1,2,1,2,2,2
0783265,,2,2,3,1,4,4,,1,7,,,3,1,1,1,4,3,2,,,5,3,4,6,-3,3,5,4,7,
0783270,1,1,1,,1,0,,,3,,,1,,,1,,,1,,,,1,1,,,,,2,,1,1
0783275,,,,2,1,3,1,1,2,5,,,,1,,1,3,,5,1,2,,2,9,,1,18,4,20,,
0783280,1,1,1,3,1,,6,2,-1,2,3,3,3,1,3,1,,,,3,1,1,,3,5,-2,2,6,4,4,2
0783285,4,,1,1,4,3,2,2,-1,4,2,1,3,,5,,,1,,1,3,,3,4,1,,10,7,9,3,1
0783290,,2,5,4,,7,3,3,-1,5,3,8,4,3,5,5,6,5,2,7,8,3,6,11,3,8,10,14,16,13,1
0783295,,,,,,,2,2,2,,1,,4,,,1,,,,1,,,,,2,,,2,,,4
0783300,,,,1,1,,2,3,1,,,,1,2,1,1,1,1,,4,1,,,,,4,1,1,,3,2
0783305,1,,,,,,,,,,,,1,,,,,,,,2,,,,,2,,,,1,
0783310,,3,1,,,,,,1,,,1,,,,,1,,2,1,,,1,1,,,2,,,,1
0783315,1,,,1,,,1,,3,1,,,1,,1,,1,,1,,1,,,1,1,,2,,2,1,1
0783320,,,,,2,,,,1,,,,,,,1,,2,1,,,1,,,,,3,2,,,
0783325,,1,,,,,1,1,,,2,1,,2,2,1,,,2,2,1,,,3,1,2,4,1,2,,3
0783375,1,,1,,2,,,3,,,2,1,,,1,2,1,1,,,1,2,1,,,2,4,2,1,7,
0783380,1,,2,2,,1,2,2,1,1,2,5,2,3,3,1,2,5,3,5,4,2,3,3,3,13,3,7,20,3,1
0783385,3,2,,,1,,,2,3,1,,,1,,,3,1,1,,3,,,3,,4,1,,,4,6,
0783390,,1,,1,,1,,,,,,1,,,1,,,,,1,1,,,1,1,3,1,,3,2,1
0783395,,,,,,,2,,,1,,,1,,1,,1,1,,1,,,1,,,2,1,,,3,3
0783400,,2,,,,1,2,,,,1,,,,,,,1,,1,1,1,2,,2,,2,2,,2,2
0783405,,1,,4,2,1,2,,2,2,1,4,,,,1,2,1,,4,,,,7,1,2,4,,2,7,
0783410,,1,,1,,,1,1,0,1,,1,1,,,1,,,,3,,,,,,2,1,,3,,
0783475,,,1,1,,1,,,1,,2,,,,2,,1,,,,,3,1,,1,3,2,,5,2,1
0783480,,,,4,,2,,1,2,1,2,1,,1,3,1,,1,,,,2,2,,,,1,3,,2,
0783485,,,,,,,,1,,1,,1,,,1,2,,1,,,,1,,3,,,1,2,,2,
0783500,1,3,,2,,,1,1,,1,1,1,1,2,,1,,3,1,3,2,2,1,2,1,2,2,1,1,1,4
0783502,,,1,3,,,0,2,,,1,1,,2,,1,2,,2,,2,2,2,1,1,1,,,2,2,
0783550,,1,,1,,,,0,,,1,1,1,,,,1,,,1,,1,,,,,1,,,,
0783554,,,,,,,,1,,1,,,,,2,1,2,,,,,1,1,1,,,,1,1,,
0783558,1,,,1,1,1,,,,,,,,1,,,1,,,,,,2,,,,,,1,2,
0783562,,,,,,1,1,,,,,,,,2,,1,,,,1,,1,1,,2,,,,,
0783566,,,,,,1,,,,,,,,,1,,,1,1,1,1,,1,,,,,,,2,1
0783590,1,1,,,1,4,,1,,1,,1,1,1,,1,1,,,,,2,,3,,,,2,1,1,
0783593,,,,1,2,,2,,,,2,,3,2,,0,1,,,,1,1,3,1,,5,1,1,1,,
0783596,,,,1,,1,2,,1,,2,,2,1,,1,,,1,1,,1,,2,,,3,2,1,1,
0783599,1,,,,,,,,,,,,,,0,2,2,,,1,,,,1,,,,,,,1
0783600,1,,4,,,1,1,,2,2,1,1,,1,,,,,1,,,1,1,3,1,1,5,,,,
0783602,1,,1,1,1,2,1,,,1,1,,1,,,2,1,,,1,1,,1,2,1,1,4,,2,,6
0783605,,,1,,,,,1,1,,,1,,,1,,,,1,,,,1,1,1,2,,3,,1,
0783608,,,,,,,1,,,,,1,1,,1,,,1,,,1,,,1,,,2,,2,,1
0783611,,,1,1,,1,1,,1,2,,2,,1,1,2,2,,2,3,3,,,1,2,,3,,1,,1
0783614,1,,,2,,,2,,,,1,1,1,1,,,1,,,,,1,,4,,1,,2,,2,
0783675,,2,4,1,1,6,-1,1,2,8,1,1,4,2,3,1,1,4,1,2,4,1,2,3,2,7,3,3,8,4,6
0783678,,2,1,6,2,4,2,1,,9,6,1,3,1,,13,5,4,7,4,1,1,13,4,3,5,12,3,6,30,2
0783681,,,2,,,2,,,,2,,1,2,,,1,1,,,,1,,1,,1,1,1,3,,,1
0783684,,,4,3,,,1,3,,1,2,1,1,,,,5,,,,2,1,,,,1,2,,1,,2
0783700,12,,,1,1,10,8,2,,22,2,1,3,6,19,22,,5,27,18,17,7,15,61,,33,73,40,39,49,41
0783703,2,2,11,,1,7,6,6,,3,4,,2,1,2,5,3,6,3,1,4,1,7,8,3,1,,2,12,7,5
0783706,12,6,2,0,5,8,7,10,1,9,2,7,23,14,,,,8,14,16,17,12,16,27,29,41,20,11,17,100,4
0783709,1,,1,,2,2,1,3,,2,,3,,1,,5,6,,4,1,1,,7,4,4,1,8,5,4,8,9
0783712,,1,,1,1,2,,1,3,1,,,,1,,1,3,,,1,,,3,5,,2,7,8,8,9,2
0783715,,,,2,,1,1,,3,,,1,1,,,1,2,,,1,,,2,,,1,2,4,1,1,2
0783718,1,6,2,1,,10,1,5,1,5,2,6,10,,9,3,,3,8,5,7,4,5,3,21,3,1,5,26,8,2
0783721,,1,1,1,1,1,1,,,5,1,1,6,2,,2,,1,10,,2,1,1,8,2,5,5,,10,4,6
0783724,2,1,2,,,2,1,1,,,1,3,2,,,,,,0,1,1,1,1,2,1,3,2,3,9,,
0783727,,1,,3,1,5,1,,,5,3,2,2,,2,3,2,6,3,1,6,4,11,5,4,1,8,10,12,10,7
0783730,1,2,,2,,,1,,4,,1,,1,1,3,2,,1,,3,,2,4,3,2,3,1,6,6,9,1
0783733,,1,,,1,,,,1,,,2,,1,1,1,,1,,3,,,,,,,1,1,,6,
0783760,1,3,,,,5,,,,,1,3,,1,,,6,1,,,3,,,9,,,1,9,8,,
0783762,,1,,,,,,1,,,,1,,,2,,1,,,,,2,,1,,1,1,1,3,1,
0783775,1,,,,,,,,1,,,1,,,,,,,,,1,,,,,1,,,,,
0783777,,,,,,,,,,,,1,,,,,,,,,1,,,,,,,,1,,1
0783779,,,,,,,,,1,,1,,,,,1,,,,1,,1,1,1,1,,1,1,1,,
0783782,,,,2,,,,,,,,,,,,,,1,1,,,1,,1,,,,1,,1,
0783784,,,1,,,,,,,,,1,,,,1,,,,,,,1,,,,1,0,,2,
0783790,,,1,,,,,,,,,,1,,,1,,,,,,,1,,,,,,1,1,1
0783793,,,,,,,,,1,,,,,3,,2,,,1,2,1,,1,,,,1,,2,,1
0783796,,,,2,,,1,,1,,1,,,2,,,1,,2,1,4,,,3,1,,2,,4,1,1
0783799,,,1,,,1,,,1,,,,,,,,,,,1,,1,,1,,,,,2,,1
0783802,2,1,1,1,,,,1,,,,1,,,1,1,1,,,4,,2,2,2,,,,5,2,1,
0783840,1,2,3,2,,2,,3,2,,6,,1,,2,4,3,2,1,,2,2,5,8,,4,4,3,1,2,3
0783842,,1,,,,,,,,,,,2,,,0,2,,2,,,1,4,,,,1,,3,,1
0783844,,4,3,,1,8,6,,,3,10,3,6,19,,,,10,8,10,13,,16,11,10,7,8,12,3,10,9
0783846,,2,2,2,,5,,,2,2,1,,2,1,4,2,2,2,3,2,1,1,6,3,2,3,3,3,13,-2,2
0783875,,13,3,2,1,11,3,6,3,8,2,9,5,2,4,7,3,4,5,7,3,3,4,13,8,11,9,14,13,13,8
0783877,1,7,,2,,10,4,,,10,2,2,1,3,1,1,8,1,11,1,,,7,3,1,4,6,12,3,5,7
0783879,1,,1,,2,2,,,,1,2,1,,,,1,,1,1,2,1,,,,,,,,2,,
0783890,,4,3,0,,1,1,,,1,,,1,,3,,,,3,,,,1,7,1,,2,2,2,2,1
0783892,1,5,,,1,6,-1,3,2,6,5,,,1,8,,2,13,1,,5,1,8,7,7,2,2,7,4,2,9
0783894,1,4,1,3,2,6,-1,5,1,4,1,7,5,,9,3,,8,3,3,9,,12,14,2,4,6,10,9,3,4
0783896,,23,4,,,14,1,,,28,2,,40,20,,,,49,30,12,35,27,97,56,4,26,,88,92,45,25
0783910,1,5,,3,,8,1,,,1,1,2,,3,,1,,2,3,,3,1,4,1,1,0,4,2,3,3,5
0783912,1,1,,,,,,1,2,2,,,,1,,,1,,,1,1,,0,,,,,1,1,1,0
0783914,,,,1,,,,,,,,,,,1,,,1,,,,,,,,,,1,1,,1
0783916,1,,1,,,,,,,2,,,,1,1,,,1,,,1,,,,3,1,,1,4,,1
0783918,,,1,,,,,,,,,,,1,2,,,,1,1,,,,1,1,1,1,2,2,,2
0783920,,,,,1,,,,3,2,,,1,,,,,,,,,,,,,,,,2,1,1
0783950,,2,,1,6,2,2,1,2,,1,,,,3,1,1,,,,1,,,3,1,5,,,6,4,1
0783952,,,,1,1,1,,,,,1,,,1,,1,,2,1,,,2,2,1,,1,2,,3,2,1
0783954,,,,,7,2,,,,2,1,1,1,1,1,7,2,,2,,4,4,1,4,2,2,4,,7,2,3
0783956,,1,,,1,6,,,,,,1,,2,,2,,1,1,,2,2,,2,,,,2,3,1,
0783958,,,,1,,2,,,,1,,,,,1,,,1,2,,1,,,1,,1,,,4,,
0783960,1,1,2,,2,3,,,2,1,,1,,,3,4,1,3,1,,1,1,3,9,,,,,2,6,3
0783962,1,1,2,4,1,8,1,,1,6,,,4,,,1,,1,,2,,1,,1,,,,1,,,1
0783964,,3,2,3,1,6,,6,1,1,2,1,1,2,5,6,2,,,,1,1,3,1,2,1,2,2,5,1,1
0783966,4,2,,4,,9,,,0,6,,1,3,2,3,2,,1,,3,,,4,4,,5,,8,2,2,1
0783968,4,3,0,3,2,10,,1,,3,1,,4,2,1,2,2,3,2,2,1,1,3,3,1,,3,2,3,4,
0783975,,1,1,,1,1,,,,,,,1,1,,1,,,,,,,,1,,,1,,,,
0783977,,1,,,1,1,1,1,1,,,,,,1,,1,,1,,,1,,,,,,1,,1,
0783979,1,,,,,2,,,,2,1,,,1,,1,2,,,,,1,,1,,1,,,,,
0783981,1,1,,1,,1,1,,,,,1,1,1,,,1,,1,,2,,2,,,,4,,1,,
0783983,,,,,,1,1,,0,,1,2,,,1,2,,1,1,,1,2,1,2,,,2,3,2,4,3
0783995,,,,,,3,0,,,,,,,,,,,,,,,,,,,,,,,,
0783998,,,,2,,1,,3,,1,1,,,,,2,,3,,,3,1,,,1,,1,,1,2,1
0784010,1,,1,,,1,,,,,,,,,1,4,,1,3,,2,1,1,5,,,3,1,,3,
0784015,-1,,,1,,3,1,,1,,3,,,,,1,,,,,,,,,,,,,1,1,2
0784018,,2,1,1,,2,,,1,2,2,,,3,2,1,,,1,1,,2,,,3,1,,,2,2,
0784020,,,,2,,1,2,1,,,3,1,1,1,,,1,4,,1,1,,3,3,1,1,2,,3,2,
0784021,,,,,,,,1,1,,,,3,2,,2,1,3,3,1,1,2,4,5,1,3,2,,9,6,
0784022,,1,2,3,,3,,,1,3,,,2,1,1,2,,,3,2,1,,2,3,2,2,,6,1,1,4
0784025,1,2,1,,3,,1,2,3,3,1,,2,3,,2,2,,2,,,4,,3,1,,,,1,3,2
0784030,,3,8,3,3,5,2,8,2,6,3,6,5,13,,,,11,9,4,7,3,11,8,3,,7,7,6,7,3
0784032,1,2,3,1,2,5,3,-1,1,2,3,1,2,,1,1,3,,,1,,3,,2,1,,1,,1,2,
0784034,1,,1,1,1,4,,,1,3,,1,2,1,1,2,1,,,1,,,,3,,,,,2,1,
0784036,,,,,,,1,1,,,,,4,1,,2,1,2,,,,,4,3,1,,1,,2,4,1
0784038,,,,,,1,2,,1,,1,1,3,,,,1,5,1,1,1,2,8,2,2,1,2,1,5,5,3
0784040,,1,,,,1,,,1,,1,,,,2,,,,2,,,,,,,,,,,,
0784042,,,,,,2,,,,,,,,,,,,,2,,,,,1,1,,,1,,1,
0784044,,3,,,,2,,0,,,1,,,,,2,1,,2,,,,,,,0,,,,,1
0784048,,,,,,1,,,,,,,,,,,1,,2,,,,,,,,,,,,
0784050,3,1,,,,,,,,,,,,,,,,,2,,,1,,,,,,2,,,
0784070,,,0,2,,,,,1,1,,,1,,,,,,,,,0,1,,,,,,,,
0784072,,1,-1,2,1,0,,1,3,1,,2,,1,1,1,,2,,2,,2,5,1,,,,1,1,3,1
0784074,,1,4,2,,2,,,,7,,,,,,,,,,3,2,2,11,5,,,,8,4,1,8
0784076,,2,8,1,1,15,,,,14,6,9,12,16,2,,,19,3,16,8,12,26,7,11,8,13,19,4,2,11
0784078,,2,,2,,,,,,,,,,,,,,1,-1,,,,,,,,,2,1,1,
0784090,6,6,5,3,11,10,5,4,8,6,,2,13,2,3,2,3,4,4,3,2,2,9,8,4,,,2,7,7,3
0784095,3,3,,,,,1,,,,,,,,,,,,,,,,,1,,3,1,,,,
0784100,1,1,,,,1,,,,,1,,,1,1,,,,,,,,,2,,,,,,,1
0784105,4,1,,2,0,,,,,,,,1,,,,,,,,,,1,3,,,,,1,,1
0784400,,7,3,4,6,1,5,7,6,4,5,4,7,2,8,5,,6,10,8,9,7,8,13,12,3,12,8,6,13,12
0784405,,15,6,3,6,2,11,9,11,15,3,7,8,1,6,17,,7,12,4,10,9,17,12,11,18,8,24,1,4,4
0784410,,23,7,,,10,,,,19,7,11,12,14,10,12,,15,16,12,7,,29,36,27,20,21,32,15,18,28
0820020,,,,,,,,,,,,,,,,,,,,,,,,,,4,3,8,2,2,3
0820024,,,,,,,,,,,,,,,,,,,,,,,,,,16,12,12,25,4,12
0820025,,,,,,,,,,,,,,,,,,,,,,,,,,5,6,9,5,7,4
0820026,,,,,,,,,,,,,,,,,,,,,,,,,,,,,4,2,2
0820027,,,,,,,,,,,,,,,,,,,,,,,,,,,,,1,,
0820029,,,,,,,,,,,,,,,,,,,,,,,,,,3,9,11,9,,
0820030,,,,,,,,,,,,,,,,,,,,,,,,,,4,6,3,3,3,4
0820180,,,,,,,,,,,,,,,,,,,,,,,,,,2,5,6,6,,1
0820190,,,,,,,,,,,,,,,,,,,,,,,,,,,1,,,1,
0820191,,,,,,,,,,,,,,,,,,,,,,,,,,,1,,,,
0860400,32,38,13,12,22,26,4,24,2,18,9,3,4,17,18,10,,3,13,10,29,7,1,11,15,21,12,2,17,13,25
0860401,27,10,,25,8,95,,5,7,5,1,11,15,6,7,5,6,42,10,3,32,1,,8,10,2,45,,1,3,6
0860402,2,2,4,1,5,57,2,5,1,1,,,,4,14,5,8,31,2,1,,8,2,,,4,2,2,1,,6
0860421,,4,4,5,4,3,,2,7,2,4,6,,4,,1,3,,2,,2,,3,2,1,2,2,1,,2,1
0860422,,,,1,2,12,,5,3,1,,3,,4,,,1,1,2,1,1,,10,3,,3,2,,,1,4
0860430,15,1,2,,4,4,5,1,,,6,1,,,,,6,1,1,,,1,,1,4,5,1,1,4,1,2
0860432,13,,5,,,6,6,8,13,1,,3,1,3,1,,,30,,,,2,11,7,7,4,24,5,8,8,1
0860434,15,1,36,18,19,14,12,23,13,8,3,3,12,38,,,,3,3,6,2,19,7,1,23,6,12,9,6,,3
0860436,1,,1,3,10,1,1,1,1,7,5,1,,5,1,,1,2,,3,1,1,,3,,,1,3,4,4,1
0860462,1,12,7,2,3,2,7,4,6,1,2,,1,10,,3,1,4,1,6,1,5,3,0,,1,9,,,4,4
0860465,,14,1,2,,5,6,8,1,,4,2,2,1,6,1,12,3,4,2,3,6,,1,1,1,6,5,11,1,4
0860523,3,5,2,4,5,7,2,8,6,1,7,13,3,,,,,4,,,,,14,6,9,4,4,4,1,,
0860533,13,32,18,8,14,14,19,34,9,16,5,21,2,1,,2,,6,1,,2,11,6,6,23,,1,4,,9,5
0860534,18,3,3,11,24,17,11,25,7,2,7,11,1,,,,,5,,,,5,,,,1,,,5,10,
0860551,5,0,8,31,4,28,2,17,1,1,11,2,4,,1,,,10,,1,2,19,3,,5,20,9,,7,1,20
0860552,9,8,25,3,4,9,8,11,,3,2,3,37,5,13,6,5,38,6,5,5,4,6,1,20,25,,1,13,3,6
0860605,,1,,,,,,,,,,1,,,,,,,,,,,,,,,,,,,1
0860638,4,3,5,11,10,,11,32,,1,,,1,,7,13,3,,,,,,1,,,10,13,6,,,2
0940400,,25,300,340,294,49,1,"1,286",194,25,,,809,435,331,209,173,420,125,284,195,173,252,186,604,352,460,418,80,2,55
0940401,288,71,202,541,255,4,,263,275,203,186,308,225,248,155,134,242,238,221,176,116,132,232,158,393,126,15,230,225,154,348
0940402,122,83,102,245,99,353,144,198,90,94,66,112,69,32,78,61,89,133,112,70,120,55,158,79,134,78,40,103,98,85,63
0940432,77,51,166,28,80,359,2,74,71,114,135,58,92,85,52,33,90,29,105,53,63,52,69,100,101,32,3,86,51,68,118
0940433,50,30,31,29,53,70,47,34,83,24,22,25,22,34,43,70,37,35,45,32,54,39,142,35,80,7,0,79,83,38,147
0940434,40,19,32,35,53,51,49,57,49,52,13,61,23,28,36,59,66,43,62,41,49,17,63,68,123,125,67,64,59,31,6
0940435,37,,17,43,24,13,1,29,41,40,80,13,25,16,110,46,55,86,65,102,65,40,38,75,94,97,106,100,76,17,11
0940460,203,101,444,180,386,188,150,337,100,65,96,110,164,37,74,60,115,199,103,194,77,10,84,101,406,144,66,170,176,84,47
0940465,161,200,107,100,99,168,166,183,180,118,83,64,154,113,123,151,144,103,58,73,96,,47,138,79,152,194,180,29,,11
0940466,2,,88,105,145,61,1,351,60,65,68,43,46,220,54,87,142,152,153,147,12,1,19,149,318,304,74,325,27,1,7
0940475,13,49,35,44,14,1,2,18,14,6,10,17,6,14,10,4,20,14,26,28,54,4,130,17,31,1,6,14,37,11,18
0940485,17,53,12,21,52,57,27,187,33,16,13,8,7,13,9,45,17,12,9,3,86,41,62,27,33,1,7,59,45,17,16
0940495,188,102,131,119,148,149,,54,76,203,200,89,106,106,93,101,100,113,99,113,109,,67,143,141,211,101,93,90,112,52
0940505,23,21,41,48,14,16,97,41,20,43,86,84,16,10,43,42,28,15,42,20,34,42,33,46,21,6,45,34,60,64,7
0940515,155,146,102,132,82,118,94,89,130,81,1,,60,81,52,30,85,63,68,70,22,10,83,38,103,57,48,91,91,9,25
0940520,11,18,14,11,16,20,17,17,13,12,15,21,12,12,21,24,19,15,17,29,15,11,24,31,22,14,32,21,26,38,13
0940530,159,30,72,48,102,18,,69,184,52,1,55,165,136,277,21,46,33,47,33,53,29,10,35,208,228,85,67,20,3,31
0940531,13,27,13,5,28,85,67,24,48,14,34,34,41,22,16,69,50,41,40,25,6,,1,24,42,41,23,5,12,95,25
0940656,4,3,7,5,4,36,31,58,46,18,24,7,1,7,30,,19,8,2,6,,8,4,19,1,31,61,19,4,1,1
0940657,41,2,4,6,,,,4,5,11,4,7,20,8,8,7,16,1,1,6,8,5,1,33,1,4,2,10,26,12,7
0940920,71,74,82,95,95,48,51,72,63,69,79,24,9,,,,9,31,75,12,26,36,41,18,47,33,30,28,20,18,32
0943000,,,,,,,,,,,,,228,"1,879",113,,138,561,511,595,583,464,789,"1,462",1,1,189,660,531,451,649
0943010,,,,,,,,,,,,,17,202,200,1,32,82,47,49,44,41,13,21,97,-26,61,28,46,3,52
0943105,,,,,,,,,,,,,40,15,67,270,17,1,0,9,,,49,26,74,65,56,99,11,17,17
0943305,,,,,,,,,,,,,0,9,21,11,12,24,28,7,2,6,31,5,50,16,52,21,21,16,7
0943500,,,,,,,,,,,,,291,576,526,309,472,482,627,693,365,279,349,583,440,589,770,116,353,626,82
0943510,,,,,,,,,,,,,77,98,99,126,259,87,130,109,93,1,133,177,340,126,19,162,78,115,231
0943520,,,,,,,,,,,,,109,269,160,141,123,209,130,157,169,82,176,156,187,264,129,163,83,98,105
0943530,,,,,,,,,,,,,44,154,58,81,50,100,22,18,103,68,96,95,83,37,59,48,59,31,37
0943700,,,,,,,,,,,,,23,125,30,1,3,250,70,93,64,,71,138,120,168,122,101,114,67,66
0943710,,,,,,,,,,,,,125,115,168,214,222,209,205,276,143,2,339,427,352,82,61,366,183,421,380
0943720,,,,,,,,,,,,,71,251,89,156,172,176,217,151,164,171,313,276,251,0,39,269,201,309,267
0943730,,,,,,,,,,,,,91,95,174,307,49,238,442,1,2,1,66,135,58,143,162,404,78,79,73
0943740,,,,,,,,,,,,,17,13,4,3,16,7,2,9,7,3,6,7,6,6,32,19,21,9,13
0980423,,,,,,,,,,,,,,,,,,,,,,,,,,3,16,7,4,10,18
0980430,,,12,,,,,,3,1,,,,,3,,10,1,,3,5,,,17,,15,1,,,2,5
0980431,,,,,,1,,1,10,,,,2,,,,,,,,,,,22,,10,,,6,8,2
0980432,,,,,,,15,,,,,,,,,,,,,,,,,,,2,5,,6,2,
0980441,,,2,1,,,,,,,,,,,,,,,,,,,,18,,6,2,,9,2,
0980443,,,,,,,,,,24,,,,,,,,,,1,,,,4,,3,,,1,3,
0980444,,,,,,,,,,,,,,,,,,,,,,,,,,,,,,0,
0980520,,,,2,11,2,2,5,1,8,5,7,17,10,25,13,2,,,68,8,,1,3,1,,2,20,1,3,2
0980526,,,1,10,11,18,,1,11,13,17,13,20,2,8,36,54,,3,16,68,16,56,41,,9,29,11,20,11,
0980535,,,,,,,,1,,2,11,1,,,,0,3,,1,12,,1,9,15,8,,14,5,1,,
0980540,,,,,,,,23,6,6,,,,1,26,11,10,2,1,13,15,9,10,2,,7,23,8,1,,1
0980550,2,,3,24,35,13,12,3,,,24,90,62,108,30,,,,,,,,,4,,53,86,84,120,26,81
0980558,,,,,,,,,,,,,,,,,,,,,,,,100,,38,32,24,26,,
1170252,36,43,19,44,68,34,12,29,11,5,12,7,10,4,7,14,2,5,31,5,3,4,14,9,15,1,30,4,32,7,10
1170253,8,10,8,6,6,4,9,5,4,1,3,13,7,5,7,2,4,5,3,8,1,3,2,1,3,10,6,7,5,3,14
1170254,3,6,2,5,1,3,11,1,2,2,5,3,1,2,,3,6,2,6,6,3,5,7,1,8,8,6,6,,6,11
1170255,4,4,,5,1,3,2,4,4,1,1,4,3,2,2,10,5,5,3,5,,4,6,5,6,5,1,9,,,1
1170259,31,,,12,19,31,19,22,16,12,41,65,30,28,12,14,23,15,50,24,5,30,1,25,46,54,99,51,75,50,25
1170261,35,14,18,24,27,12,19,17,9,13,12,5,6,12,8,14,6,14,7,2,7,3,9,9,7,23,11,9,6,15,4
1170263,,,,,,,,,,,,,,,,1,,,,,1,,,,1,,,,,,1
1170264,1,2,,,6,10,9,8,4,9,11,5,10,18,1,12,10,5,10,2,7,5,12,20,5,14,13,5,6,11,
1170266,41,29,19,23,42,75,20,18,17,18,27,32,11,40,12,17,35,8,24,27,21,8,32,27,38,29,27,39,41,41,45
1170269,,,,,32,32,40,34,31,24,33,32,29,24,36,7,23,47,38,25,25,3,45,39,42,45,38,14,21,17,67
1170271,27,14,19,8,15,17,22,13,25,14,18,19,14,16,25,21,29,12,23,26,10,16,30,30,19,22,27,6,20,3,11
1170272,19,15,13,1,7,12,10,16,8,7,12,10,10,7,13,11,14,12,11,16,15,3,8,17,19,13,15,5,9,1,12
1170283,7,5,64,4,6,5,,5,1,2,5,1,5,3,,3,4,2,7,3,2,3,4,2,4,5,2,1,2,1,5
1170284,34,9,7,6,5,7,8,5,5,5,10,7,13,4,3,7,5,4,8,5,5,6,5,9,6,3,3,4,8,5,7
1170286,22,18,18,11,19,5,10,8,9,4,8,17,10,4,5,10,22,11,13,4,11,1,13,13,9,9,10,5,13,10,8
1170287,32,14,61,11,14,13,13,8,24,13,14,18,1,10,11,12,11,9,20,11,28,14,14,52,16,4,36,15,35,3,10
1170289,,2,1,1,,4,9,2,,1,4,1,5,5,12,1,1,8,5,10,31,,5,5,5,,6,7,,4,4
1170290,4,1,2,1,,2,2,4,1,6,9,,3,8,14,3,4,10,16,1,1,,,5,,,2,3,,,
1170298,4,1,,1,,1,,1,2,3,5,2,4,6,2,3,4,8,5,5,,4,6,4,3,4,8,3,4,2,6
1170452,19,23,20,22,18,18,15,16,13,20,21,31,7,9,4,10,7,7,12,5,9,7,13,22,18,21,19,14,15,9,17
1176000,2,1,2,2,2,1,,,1,,7,3,,,2,2,,2,2,,3,,1,1,1,,,,1,1,
1176010,,,,,,1,1,1,,1,,,1,1,,,,,,,,2,1,,,1,,,,,
1176012,1,2,1,3,1,3,,,1,,3,3,,1,1,3,3,2,1,1,2,1,1,,,1,,6,,,
1176100,,,1,,,,,,1,,,1,,2,,,1,,,,,,4,1,,,1,,2,,2
1176110,2,,2,,,,,1,1,1,1,1,,1,1,1,1,,,,,1,,1,1,,1,,1,,
1176130,,,,,,,1,2,2,2,,,,1,,2,,,,,,1,1,1,,,1,2,2,1,
1176150,,,,1,1,2,,1,2,,,,,1,,2,,,,,,,,1,,,,1,1,,
1176160,3,5,3,3,2,2,1,2,1,1,2,2,1,1,3,,4,2,2,1,2,1,3,,,,1,3,3,,
1176170,1,,4,2,1,,,3,3,1,1,1,,1,,,2,,,1,1,,2,1,,,1,,,1,1
1176191,,,2,2,1,3,,,,1,2,,,1,,,,,,2,,,,,,,,,,,
1176210,1,,,,,,,,,1,,,1,,1,,,1,,,,,1,,,,,,,,
1176240,,2,1,,,2,,,,,,1,,,0,,3,,2,,,,,1,,,,2,,1,
1176320,-1,5,6,6,4,2,2,1,2,1,3,6,1,2,5,3,4,2,3,3,3,2,1,4,1,2,1,3,4,1,1
1176321,2,2,2,2,1,1,1,3,3,3,4,2,2,3,5,2,6,1,1,2,3,2,2,,8,1,3,2,2,3,2
1176332,4,2,2,3,,2,,,1,2,2,1,1,,2,2,3,1,1,2,2,1,3,,2,2,5,,0,1,1
1176365,2,1,3,1,,,1,,,,,3,5,1,2,1,1,2,3,,1,,2,2,2,,,1,,,
1176390,,3,3,3,,2,,,,1,2,,13,1,4,3,14,,5,,,1,3,2,,,3,,,2,
1176420,1,3,,1,1,,,,1,3,2,,1,,,3,,,,3,,1,1,,1,2,,,,,
1176430,3,,,,,1,,,,2,,1,,,2,,,,,2,,,1,,,2,1,,,,
1176460,,,,,,,,,,,,,,,,1,,1,,,,,,,1,,,,,,
1176470,1,1,,,,1,,,,,1,3,2,,,3,,,,,,,3,,,,1,,,2,2
1176510,5,2,4,4,,,2,,,1,,,8,1,3,3,10,1,4,,3,,5,2,,2,1,2,,,
1176550,3,2,2,,,2,1,1,1,1,,,3,,,2,1,,2,,,2,2,,1,,,,2,,
1176610,,1,,2,1,,1,,,,,,1,,,,1,,,,,1,3,,,,,,1,,
1176640,,,1,,1,,1,,,,,,,,,,,,1,,,,,,,,2,,,,1
1176690,,1,,1,1,1,1,,,,,,,1,1,,1,,,,,,,1,,,,,1,1,
1176740,,2,1,7,1,,1,,,1,,1,,,,,1,,1,,,,,,,,,,,5,1
1176780,,1,,1,,,1,,,,,,1,,,1,,,,,,,,,1,,,,,1,
1176800,,2,3,,,,,,1,3,1,,,1,1,1,1,,4,,,,3,2,,1,2,,,,3
1176810,,,1,,,1,,,,,,1,1,,,1,1,,,,,,,1,,,,,,,
1176820,1,,,,,,,,,,1,,,,1,1,,,,,,1,,,,,,,,,
1176830,,,,,,,,1,,,,,,1,,,,,,2,,,,,,,,,,,
1176840,,,,,,,2,,,,,,,,,,,,3,,,,,,,,,,,,1
1176875,2,,3,2,,,1,,,3,,,10,1,1,1,,,2,,,1,,2,1,1,,,,1,
1176890,2,,3,1,3,4,1,1,,2,1,,1,1,1,4,,,2,,,,,,1,1,,3,,1,
1176940,,1,1,,1,3,2,1,2,1,1,2,,,,1,1,2,,,,1,,4,,,2,,,1,1
1176971,,1,,,2,1,,,,1,,,,1,1,,1,,,,,,,,,,,,1,2,
1176972,1,1,4,,1,,,,1,,3,,7,,,,,,3,2,,,,,2,,,2,1,,
1176973,,,,,1,,,,,1,1,,,,,,,1,,,,,2,1,,,1,,,,
1176975,3,,1,,,2,,,,,1,3,,,,,,,,,1,,2,,1,,,,,,1
1176977,,,,,,,,,,,1,1,,,,,,1,,,1,,2,,,,,,,,1
1177000,3,1,6,,,1,2,1,,1,3,1,,,1,,1,1,,1,,2,4,,,,,,,,
1177010,1,3,1,1,4,,,1,,1,,1,2,2,1,,2,,,2,,,2,1,3,1,,1,3,,1
1177020,,1,,1,1,1,,,,,,1,,,1,,,2,,,,,,,,,1,,,,
1177032,1,,1,,,,,,2,,,,,,,,2,,,,2,,,,,,,,,1,1
1177050,,,1,,1,,,,2,,,2,,,,,,,,,,,,,,,,2,1,1,
1177061,,2,6,4,,2,1,1,,,,2,,1,4,2,3,2,2,1,3,,3,,3,1,,3,1,,
1177070,3,1,,,,3,,,,1,1,2,2,,,,,1,,,1,,2,,1,1,1,,,,1
1177081,2,2,1,3,1,3,2,2,6,4,1,4,6,3,6,3,2,2,7,,3,,5,7,,2,12,1,3,,3
1177120,,,1,2,1,,1,,,1,2,,1,,,2,1,1,,3,,,,1,,4,3,,,,3
1177200,7,6,17,3,2,3,2,3,4,3,9,2,2,,4,3,2,2,4,2,3,2,3,2,2,3,4,3,5,3,
1177210,3,2,3,4,1,6,2,3,,1,3,2,2,1,3,3,,4,2,3,,3,3,1,2,2,,5,3,1,
1177250,1,5,8,4,3,1,2,3,3,4,2,6,,3,3,3,8,2,2,3,,,3,,,7,3,3,3,,
1177260,,,1,2,,,,1,1,,,,1,,,,,,,,,,1,,1,2,,,,,
1530198,,,,,,,,,,,,,,,,,,21,,1,5,1,4,,,1,1,22,1,,
1530200,,,,,,,,,,,,,,,,,,27,17,8,26,7,4,,15,12,,8,,,1
1530202,,,,,,,,,,,,,,,,,,46,53,71,29,54,62,13,,,,1,,,
1530260,,,,,,,,,,,,,,,,,,,,,,,,,,,,145,442,"1,006","2,345"
1530261,,,,,,,,,,,,,,,,,,,,,,,,,,,,,,22,230
1530262,,,,,,,,,,,,,,,,,,,,,,,,,,,,,,29,69
1530270,,,,,,,,,,,,,,,,,,,,,,,,,,,,212,88,181,200
1530275,,,,,,,,,,,,,,,,,,,,,,,,,,,,,,29,555
1530278,,,,,,,,,,,,,,,,,,,,,,,,,,,,,,,59
1530280,,,,,,,,,,,,,,,,,,,,,,,,,,,,,,,199
1530283,,,,,,,,,,,,,,,,,,,,,,,,,,,,,,,20
1530500,,,,,,,,,,,,,,,,,,7,13,29,24,12,14,27,37,16,37,3,18,18,71
1530501,,,,,,,,,,,,,,,,,,21,16,16,2,32,3,2,18,4,,,22,13,9
1530502,,,,,,,,,,,,,,,,,,2,3,1,3,8,6,17,9,5,3,3,5,8,6
1530506,,,,,,,,,,,,,,,,,,,21,20,12,31,26,14,32,13,8,20,7,17,11
1530507,,,,,,,,,,,,,,,,,,,60,83,7,,,59,52,-1,17,,39,23,36
1530508,,,,,,,,,,,,,,,,,,,12,25,22,25,35,37,24,25,39,36,26,29,21
1530509,,,,,,,,,,,,,,,,,,,,15,26,18,22,36,32,29,22,28,32,30,
1530517,,,,,,,,,,,,,,,,,,,,,,,,1,3,6,2,1,1,1,1
1530518,,,,,,,,,,,,,,,,,,,,,,,,3,4,4,1,1,6,6,6
1530519,,,,,,,,,,,,,,,,,,,,,,,,4,4,13,2,5,3,5,
1530520,,,,,,,,,,,,,,,,,,19,10,24,34,9,35,22,10,20,20,,53,20,22
1530521,,,,,,,,,,,,,,,,,,,,,,,,3,1,1,1,,1,13,16
1530529,,,,,,,,,,,,,,,,,,,2,,1,1,4,9,1,8,1,1,5,10,2
1530530,,,,,,,,,,,,,,,,,,51,42,51,17,39,30,58,61,49,1,0,109,91,0
1530532,,,,,,,,,,,,,,,,,,7,7,5,22,2,5,11,29,8,7,35,1,2,20
1530533,,,,,,,,,,,,,,,,,,,6,,,1,2,,9,3,6,,4,,4
1530540,,,,,,,,,,,,,,,,,,,,,,,,,,,,7,1,,1
1530541,,,,,,,,,,,,,,,,,,,,,,,,1,,,,1,2,,5
1530542,,,,,,,,,,,,,,,,,,,,,,,,,3,1,1,9,17,5,5
1530543,,,,,,,,,,,,,,,,,,,,,,,,6,1,3,1,11,,2,8
1530544,,,,,,,,,,,,,,,,,,,,,,,,7,1,3,,3,1,2,1
1530545,,,,,,,,,,,,,,,,,,,,,,,,7,7,22,1,11,1,,8
1530546,,,,,,,,,,,,,,,,,,,,,,,6,12,12,18,1,7,,14,
1530547,,,,,,,,,,,,,,,,,,,,,,,,10,3,,,3,2,10,
1530548,,,,,,,,,,,,,,,,,,,,,,,,1,,,,4,,6,3
1530549,,,,,,,,,,,,,,,,,,,,,,,,2,1,,,1,2,,
1530550,,,,,,,,,,,,,,,,,,,,,,,2,8,1,9,3,7,5,7,3
1530551,,,,,,,,,,,,,,,,,,,,116,154,152,167,116,287,35,173,268,124,238,118
1530552,,,,,,,,,,,,,,,,,,,20,127,148,135,138,114,120,143,151,222,163,105,221
1530554,,,,,,,,,,,,,,,,,,,348,252,751,665,"1,088",685,"1,004",414,797,483,"1,377",576,833
1530556,,,,,,,,,,,,,,,,,,,243,213,248,222,645,370,650,8,523,403,395,315,316
1530557,,,,,,,,,,,,,,,,,,,235,260,242,287,508,547,410,10,651,397,477,207,301
1530558,,,,,,,,,,,,,,,,,,,1,64,,14,16,19,20,5,,3,33,24,22
1530559,,,,,,,,,,,,,,,,,,,85,132,113,106,102,143,127,123,83,136,187,94,49
1530570,,,,,,,,,,,,,,,,,,,,,2,2,4,,10,5,3,1,2,5,11
1530571,,,,,,,,,,,,,,,,,,,,,2,,2,1,13,1,1,4,5,,
1530572,,,,,,,,,,,,,,,,,,,,,1,,3,,9,,16,,1,,
1530574,,,,,,,,,,,,,,,,,,,,,,,2,,2,1,2,,11,,2
1530575,,,,,,,,,,,,,,,,,,,,,,1,1,1,1,2,,,2,1,2
1530612,,,,,,,,,,,,,,,,10,30,33,7,30,10,,25,33,53,30,5,37,6,6,20
1530614,,,,,,,,,,,,,,,,12,171,55,24,133,225,64,75,100,154,67,130,228,137,79,154
1530615,,,,,,,,,,,,,,,,,,,,60,187,124,61,171,213,159,100,142,148,66,12
1530618,,,,,,,,,,,,,,,,50,222,192,309,205,477,100,202,137,375,483,581,507,"1,461",809,120
1530619,,,,,,,,,,,,,,,,,,,,147,59,101,236,279,356,,250,287,326,189,187
1530622,,,,,,,,,,,,,,,,40,"1,837","1,026","1,595","1,879","2,403",429,"2,409","3,085","2,458","2,602","1,159","2,397","2,255","1,605","2,037"
1530624,,,,,,,,,,,,,,,,92,200,203,336,471,240,232,242,330,390,162,156,239,"1,706","1,000",191
1530626,,,,,,,,,,,,,,,,75,426,480,721,636,569,252,535,886,689,636,293,571,614,419,424
1530628,,,,,,,,,,,,,,,,50,120,478,152,112,136,82,84,113,196,115,120,213,140,150,112
1530630,,,,,,,,,,,,,,,,230,960,919,"1,096","1,024","1,083",645,785,"1,658","1,421","1,297",898,"1,138","1,653","1,198","1,618"
1530632,,,,,,,,,,,,,,,,10,,95,70,113,123,30,120,104,210,160,20,138,237,61,136
1530634,,,,,,,,,,,,,,,,21,190,231,97,330,119,62,130,145,170,110,60,162,196,76,
1530636,,,,,,,,,,,,,,,,,22,10,22,36,80,12,10,35,34,26,,243,100,13,48
1530638,,,,,,,,,,,,,,,,59,700,422,950,978,853,619,428,"1,340",960,592,392,944,"1,108","1,181","1,290"
1530640,,,,,,,,,,,,,,,,10,25,30,10,53,29,38,40,28,62,26,,30,95,22,9
1530641,,,,,,,,,,,,,,,,,,,,63,20,30,95,33,12,52,18,50,115,47,97
1530644,,,,,,,,,,,,,,,,10,25,57,,12,30,24,5,11,24,,,30,80,41,34
1530646,,,,,,,,,,,,,,,,61,57,305,292,421,259,206,345,357,409,296,292,359,620,213,484
1530648,,,,,,,,,,,,,,,,11,15,7,24,41,20,22,26,5,6,36,,8,75,21,10
1530650,,,,,,,,,,,,,,,,5,45,46,10,58,20,22,51,10,33,32,1,23,81,16,69
1530652,,,,,,,,,,,,,,,,60,358,410,318,484,426,159,290,443,615,281,124,808,575,289,445
1530656,,,,,,,,,,,,,,,,,3,10,25,49,,10,20,23,14,9,9,35,55,41,37
1530658,,,,,,,,,,,,,,,,20,83,92,45,117,55,68,114,41,139,85,52,91,143,57,118
1530660,,,,,,,,,,,,,,,,4,19,26,15,23,,6,25,6,13,2,20,7,15,2,3
1530662,,,,,,,,,,,,,,,,5,131,185,146,190,248,128,93,157,152,226,63,330,153,112,211
1530666,,,,,,,,,,,,,,,,2,2,3,,4,6,2,15,36,28,71,20,,,,
1530668,,,,,,,,,,,,,,,,2,,2,1,-1,2,2,1,31,10,8,,,,,
1530670,,,,,,,,,,,,,,,,,,,1,19,6,10,13,6,13,37,,,15,30,7
1530671,,,,,,,,,,,,,,,,,,,16,20,11,15,19,33,,30,,,37,29,41
1530672,,,,,,,,,,,,,,,,,,,7,6,4,7,13,5,17,8,8,11,15,29,6
1530673,,,,,,,,,,,,,,,,,,,14,8,17,12,33,15,50,24,38,38,29,1,
1530674,,,,,,,,,,,,,,,,,,,10,17,13,8,21,20,20,16,24,37,28,11,
1530681,,,,,,,,,,,,,,,,,,,,,,,,,,,,,11,1,
1530683,,,,,,,,,,,,,,,,,,,,,,,,,,,,,,6,4
1530785,,,,,,,,,,,,,,,,6,1,6,6,8,,4,1,7,5,16,16,,10,4,6
1530786,,,,,,,,,,,,,,,,6,1,7,6,2,,,10,,,2,,,,,6
1530787,,,,,,,,,,,,,,,,4,,16,,7,,1,2,2,15,13,1,,22,4,9
1530789,,,,,,,,,,,,,,,,28,8,30,23,26,38,22,46,25,39,25,28,26,34,16,43
1530791,,,,,,,,,,,,,,,,39,1,37,32,36,44,17,53,17,64,61,22,41,94,13,75
1530793,,,,,,,,,,,,,,,,,,,,,,,,,,,,,1,8,1
1530800,,,,,,,,,,,,,,10,8,5,,22,,15,2,9,7,26,2,8,20,19,11,24,3
1530803,,,,,,,,,,,,,,54,34,24,3,27,20,84,4,14,4,15,136,31,6,,21,18,28
1530805,,,,,,,,,,,,,,1,23,3,,,,10,10,9,1,11,2,8,2,13,61,77,1
1530807,,,,,,,,,,,,,,246,111,80,54,32,83,200,46,206,178,230,30,429,3,,"1,154",287,42
1530809,,,,,,,,,,,,,,69,32,19,,54,,77,3,21,2,34,11,10,152,30,304,10,31
1530810,,,,,,,,,,,,,,19,40,57,2,5,12,17,,40,2,49,41,56,32,4,2,34,5
1530812,,,,,,,,,,,,,,10,12,36,2,,,7,24,1,41,31,2,5,30,1,,6,4
1530816,,,,,,,,,,,,,,,37,16,1,4,,11,132,27,,7,6,3,6,6,,9,72
1530820,,,,,,,,,,,,,,47,61,146,55,26,142,228,50,47,64,97,134,315,85,20,46,151,198
1530822,,,,,,,,,,,,,,,2,3,,,4,9,,5,9,5,1,2,5,4,5,1,5
1530824,,,,,,,,,,,,,,20,10,,,2,12,1,19,2,1,,4,10,3,3,,15,1
1530826,,,,,,,,,,,,,,,2,,,,12,,5,,1,3,1,3,3,4,1,2,1
1530828,,,,,,,,,,,,,,15,33,45,4,4,74,23,19,,25,70,29,68,100,61,41,49,108
1530830,,,,,,,,,,,,,,,,2,2,,12,9,1,1,2,2,,2,5,1,4,2,1
1530832,,,,,,,,,,,,,,6,5,,,,,2,,,,1,,1,,1,,2,2
1530834,,,,,,,,,,,,,,,,1,,1,,,,,,,1,,,3,,,1
1530836,,,,,,,,,,,,,,38,62,105,13,7,81,63,46,19,67,42,66,173,140,68,40,32,25
1530838,,,,,,,,,,,,,,,,,,,,,,,,1,,,2,1,,,
1530840,,,,,,,,,,,,,,2,13,1,,,,,,,,12,2,,,,1,,3
1530844,,,,,,,,,,,,,,5,6,5,,,6,15,2,5,6,6,19,12,7,3,23,,13
1530848,,,,,,,,,,,,,,,,,1,,1,,,,,,0,,,,,,
1530852,,,,,,,,,,,,,,36,24,2,4,8,10,52,32,5,27,22,14,52,62,7,27,39,24
1530858,,,,,,,,,,,,,,,,,,,,,,,8,3,14,19,8,,23,,2
1530859,,,,,,,,,,,,,,,,,,,,,,,8,6,27,6,29,7,5,2,16
1530860,,,,,,,,,,,,,,,,,,,,,,,7,13,12,4,1,6,11,3,10
1530861,,,,,,,,,,,,,,,,,,,,,,,3,9,24,,6,6,6,15,5
1530864,,,,,,,,,,,,,,,,,,,,,,,,3,1,2,2,1,1,1,
1530865,,,,,,,,,,,,,,,,,,,,,,,,,,,,,1,6,1
1530900,,,,,,,,,,,,,,,7,4,1,4,2,2,10,11,2,2,6,3,4,22,2,8,7
1530902,,,,,,,,,,,,,,,,5,11,7,2,4,4,6,17,7,9,7,13,3,17,13,11
1530908,,,,,,,,,,,,,,21,34,64,1,6,26,37,77,73,118,49,52,1,9,29,88,64,81
1530910,,,,,,,,,,,,,,6,9,23,1,6,8,17,9,37,25,29,25,15,2,8,35,22,29
1530912,,,,,,,,,,,,,,5,22,14,10,16,6,12,25,8,12,10,22,33,51,16,22,33,52
1530956,,,,,,,,,,,,,,,1,3,3,1,,1,2,,,7,,14,,2,17,4,1
1530966,,,,,,,,,,,,,,13,7,31,2,23,20,36,27,39,68,54,13,13,,20,25,,
1530968,,,,,,,,,,,,,,,1,16,2,7,,1,,,1,5,11,7,7,19,15,4,7
1530980,,,,,,,,,,,,,,11,4,23,5,19,26,47,5,10,41,40,6,20,16,23,7,16,51
1530982,,,,,,,,,,,,,,,,7,4,3,2,17,2,6,3,1,9,,13,9,14,14,16
1530984,,,,,,,,,,,,,,,1,8,,16,12,3,2,3,2,1,1,13,20,7,69,1,
1530992,,,,,,,,,,,,,,1,6,21,3,31,7,47,1,,7,27,12,10,38,13,13,54,5
1530996,,,,,,,,,,,,,,3,3,3,2,4,3,14,7,,5,8,8,80,49,2,65,31,74
1531006,,,,,,,,,,,,,,,1,1,,7,11,16,,,5,25,3,6,21,12,2,28,12
1531008,,,,,,,,,,,,,,,2,,8,10,1,1,1,,,38,7,6,1,1,7,30,45
1531020,,,,,,,,,,,,,,,,5,,5,9,2,2,1,1,17,14,,13,8,18,9,26
1531024,,,,,,,,,,,,,,,,4,,1,,,0,,,3,,,,,,,
1531028,,,,,,,,,,,,,,,,2,1,1,,17,1,14,,,,,,,,,
1531036,,,,,,,,,,,,,,,,,,,,,1,5,2,1,4,1,,1,1,3,1
1531037,,,,,,,,,,,,,,,,,,,,,1,5,,1,2,1,,,,,
1531039,,,,,,,,,,,,,,,,,,,,,,,,,,,,,2,9,13
1532200,,,,,,,,,,,,,,47,52,54,61,33,70,56,47,33,115,71,62,35,0,42,113,110,89
1532202,,,,,,,,,,,,,,,4,8,21,4,3,8,20,3,11,8,6,4,20,14,14,12,12
1532206,,,,,,,,,,,,,,3,1,7,8,10,9,15,13,9,56,10,9,37,8,13,11,8,9
1532216,,,,,,,,,,,,,,52,50,43,33,20,30,11,21,26,27,21,54,14,64,45,85,20,9
1532218,,,,,,,,,,,,,,,2,3,3,4,7,,3,10,10,7,5,13,7,2,6,10,1
1532230,,,,,,,,,,,,,,40,41,82,44,40,71,45,47,31,114,69,85,81,89,61,76,122,6
1532232,,,,,,,,,,,,,,,12,18,13,23,11,24,10,7,52,3,23,20,10,21,3,23,8
1532234,,,,,,,,,,,,,,9,32,115,90,15,63,80,56,30,168,100,83,19,22,51,70,68,47
1533698,,,,,,,,,,,,,,,,,,,,,,,,,,,,,22,6,2
1533699,,,,,,,,,,,,,,,,,,,12,13,7,1,11,17,14,8,9,8,16,22,6
1533700,,,,,,,,,,,,,,,,550,"1,898","1,236","1,937","1,983","2,283","1,566",904,"2,985","1,699","3,806","2,904","1,258","3,958","2,988","4,092"
1533701,,,,,,,,,,,,,,,,,,,100,184,27,162,73,103,461,361,464,702,348,503,706
1533702,,,,,,,,,,,,,,,,,,,,48,116,28,38,158,8,,,,,,
1533704,,,,,,,,,,,,,,,,,,,5,24,15,15,11,15,11,19,11,8,13,11,1
1533705,,,,,,,,,,,,,,,,,,,17,24,7,,,4,19,2,2,3,10,6,1
1533706,,,,,,,,,,,,,,,,,,,15,27,23,30,24,41,7,6,13,18,11,5,2
1533949,,,,,,,,,,,,,,,,,,,,,9,8,15,10,15,4,4,2,25,17,31
1533950,,,,,,,,,,,,,,,,99,79,52,68,67,64,69,136,174,146,16,160,95,129,191,131
1533952,,,,,,,,,,,,,,,,24,34,11,47,18,33,37,31,52,42,24,46,44,75,95,149
1533953,,,,,,,,,,,,,,,,,,,,,,,,,,,,,15,19,11
1533960,,,,,,,,,,,,,,,,,,,,,1,3,3,3,2,3,,4,,,
1533961,,,,,,,,,,,,,,,,,,,,,2,3,3,2,,3,3,1,1,1,1
1533999,,,,,,,,,,,,,,,,,,,,,,22,29,19,30,,13,81,46,71,87
1534010,,,,,,,,,,,,,,,,3,2,1,4,1,2,,1,3,3,1,1,2,4,1,4
1534050,,,,,,,,,,,,,,,,,,4,,,1,3,1,1,2,1,1,5,,4,4
1534055,,,,,,,,,,,,,,,,8,3,,4,1,2,,5,3,13,14,3,21,9,4,
1534056,,,,,,,,,,,,,,,,,,,,,,,,,,,,,6,2,
1610072,,,,,,,,,,,,,,,,,,,14,8,5,1,18,37,25,,30,47,45,47,45
1610080,,,,,,,,,,,,,,,,1,,3,2,,,,,1,,,,2,,1,2
1610100,,,,,,,,,,,,,,,2,,1,,4,,4,,1,,,1,,,,,
1610200,,,,,,,,,,,,,,1,1,1,2,3,,1,1,,1,3,3,3,2,5,2,6,
1610210,,,,,,,,,,,,,,,,,,,,,,,,,,,,,,5,2
1610212,,,,,,,,,,,,,,,,,,,,,,,,,,,,,,7,10
1610249,,,,,,,,,,,,,,,,,,,,,,,,,,,,,,11,3
1610250,,,,,,,,,,,,,,,,,,,,,,,,,,,,,,2,3
1610253,,,,,,,,,,,,,,,,,,,,,,,,,,,,,,2,4
1610260,,,,,,,,,,,,,,,,,,,,,,,,,,,,,,1,2
1610263,,,,,,,,,,,,,,,,,,,,,,,,,,,,,4,,
1610295,,,,,,,,,,,,,,,,3,1,4,3,2,7,5,4,2,13,4,11,3,8,4,3
1610299,,,,,,,,,,,,,,,,,,,,,,,,,,,,,,6,4
1610300,,,,,,,,,,,,,,2,5,2,3,2,1,2,4,3,5,11,3,13,8,4,15,5,10
1610305,,,,,,,,,,,,,,,1,1,2,2,,2,,1,2,5,9,2,7,,12,8,
1610350,,,,,,,,,,,,,,3,7,3,6,,7,8,3,1,3,9,5,4,3,1,8,5,9
1610360,,,,,,,,,,,,,,4,2,2,2,,1,1,1,,6,11,9,7,5,1,6,5,4
1610375,,,,,,,,,,,,,,6,13,7,4,7,20,6,5,5,9,15,6,16,10,10,9,11,9
1610378,,,,,,,,,,,,,,10,9,12,10,4,12,10,3,4,5,7,9,8,5,2,6,10,4
1610382,,,,,,,,,,,,,,1,3,5,1,2,4,3,,1,3,8,1,2,3,7,6,8,9
1610388,,,,,,,,,,,,,,1,4,3,1,1,1,4,,5,2,1,6,6,1,7,5,7,
1610445,,,,,,,,,,,,,,,3,5,6,2,4,5,2,2,,7,6,7,3,6,10,4,8
1610450,,,,,,,,,,,,,,2,,3,1,2,3,3,,1,3,2,3,,1,4,9,4,3
1610480,,,,,,,,,,,,,,,,,,,,,,,,,,,2,1,3,10,0
1610486,,,,,,,,,,,,,,,,,,,,,,,,,,,4,1,16,3,9
1610490,,,,,,,,,,,,,,,,,,,,,,,,,,,5,7,6,34,28
1610500,,,,,,,,,,,,,,,,,,,,,,,,,,,,,2,4,4
1610505,,,,,,,,,,,,,,,,,,1,,3,2,1,5,,,5,2,,11,5,
1610600,,,,,,,,,,,,,,,,,,,,,,,,,,,,,,,3
1611500,,,,,,,,,,,,,,1,2,3,,1,1,3,5,,5,2,3,2,,,,16,8
1611505,,,,,,,,,,,,,,3,1,10,,5,,4,4,2,5,4,7,,,,,8,9
1611600,,,,,,,,,,,,,,,,,,,,,,,,,,,,,,1,
1611605,,,,,,,,,,,,,,,,,,,,,,,,,,,,,,3,
1612000,,,,,,,,,,,,,,2,2,3,3,4,3,7,5,9,7,8,3,8,4,3,5,7,9
1612020,,,,,,,,,,,,,,2,4,4,4,,1,4,,2,5,7,2,2,3,4,5,8,2
1612024,,,,,,,,,,,,,,,,,,,,,,,,,,,,,1,2,
1612040,,,,,,,,,,,,,,1,,,,1,,,1,,1,2,2,,,,,,
1612050,,,,,,,,,,,,,,1,1,2,2,,,,,,,,,,,,,,
1614000,,,,,,,,,,,,,,6,6,10,8,5,8,15,8,,10,9,15,,8,9,34,11,17
1614010,,,,,,,,,,,,,,4,1,11,1,4,8,14,,4,1,11,13,,5,10,6,10,7
1614020,,,,,,,,,,,,,,2,14,,11,2,7,8,4,6,12,10,8,8,12,10,7,12,18
1614022,,,,,,,,,,,,,,,,,,,,,,,2,6,8,5,2,6,13,14,10
1614024,,,,,,,,,,,,,,,,,,,,,,,,,,3,3,3,5,7,1
1614045,,,,,,,,,,,,,,,3,1,,2,1,1,,1,6,3,2,2,,,,1,1
1614075,,,,,,,,,,,,,,,,1,1,3,3,1,1,,1,3,5,-1,3,1,2,1,4
1614130,,,,,,,,,,,,,,2,5,15,2,4,8,9,5,6,3,11,11,4,8,7,22,4,2
1614140,,,,,,,,,,,,,,,9,,7,3,8,10,1,1,8,7,6,5,3,9,10,12,4
1614500,,,,,,,,,,,,,,1,1,2,,,1,4,3,-2,5,,,2,3,1,3,4,1
1614510,,,,,,,,,,,,,,1,2,3,3,2,3,3,5,,5,4,3,5,1,1,3,4,
1614515,,,,,,,,,,,,,,1,3,1,1,1,,,,,4,1,3,,,1,,1,-1
1614525,,,,,,,,,,,,,,1,1,2,,,,,1,2,1,6,1,2,1,1,2,1,3
1615000,,,,,,,,,,,,,,2,11,7,1,3,6,3,4,2,16,2,4,2,,4,10,9,4
1615005,,,,,,,,,,,,,,,,1,1,,,1,3,2,1,,1,,,,,,
1615050,,,,,,,,,,,,,,7,4,4,2,1,3,4,2,-1,9,3,5,1,6,3,10,6,4
1615055,,,,,,,,,,,,,,,,,,,,,,,,,,,,,,,1
1615060,,,,,,,,,,,,,,2,3,2,1,2,,4,,1,4,3,2,,,,7,2,3
1615110,,,,,,,,,,,,,,3,1,2,1,2,4,4,3,1,2,3,,6,4,4,5,2,2
1615120,,,,,,,,,,,,,,,4,,,,,,,,4,4,6,4,4,2,3,1,1
1615122,,,,,,,,,,,,,,,,,,,,,,,,,,,,,,1,1
1615200,,,,,,,,,,,,,,,,,,,,,,,,,,,,,2,,2
1618000,,,,,,,,,,,,,,10,3,11,6,3,8,5,3,3,1,6,4,7,2,4,12,11,2
1618010,,,,,,,,,,,,,,,,,,,3,26,2,2,6,6,4,,,7,7,11,2
1618013,,,,,,,,,,,,,,,,,,,1,,4,1,3,8,4,2,5,2,6,2,2
1618015,,,,,,,,,,,,,,,,,,,3,3,3,2,4,8,,,1,,5,3,8
1618030,,,,,,,,,,,,,,,,,,,,,,,,,3,0,,1,4,,
1618031,,,,,,,,,,,,,,,,,,,,,,,,,,15,,6,18,15,10
1618032,,,,,,,,,,,,,,,,,,,,,,,,,,,,,,3,1
1618033,,,,,,,,,,,,,,,,,,,,,,,,,,,,,2,3,1
1618040,,,,,,,,,,,,,,,,,,,,,,,3,2,,,3,2,2,3,
1618041,,,,,,,,,,,,,,,,,,,,,,,,,,,,,5,,1
1618042,,,,,,,,,,,,,,,,,,,,,,,,,,,,,,4,
1618043,,,,,,,,,,,,,,,,,,,,,,,,,,,,,,3,5
1618044,,,,,,,,,,,,,,,,,,,,,,,,,,,,,3,1,1
1618050,,,,,,,,,,,,,,,,,4,16,10,4,4,2,,,,,18,19,15,19,36
1618051,,,,,,,,,,,,,,,,,,,,,,,,,,,,,14,12,17
1618055,,,,,,,,,,,,,,,,,,,,,,,,1,,1,,1,,4,
1618056,,,,,,,,,,,,,,,,,,,,,,,,4,2,5,1,2,1,2,2
1618057,,,,,,,,,,,,,,,,,,,,,,,,3,7,,,4,4,2,1
1618058,,,,,,,,,,,,,,,,,,,,,,,,1,3,,,5,1,,
1618059,,,,,,,,,,,,,,,,,,,,,,,,1,1,,,1,1,5,1
1618060,,,,,,,,,,,,,,,,,,,,,,,,1,3,,1,2,1,2,
1618061,,,,,,,,,,,,,,,,,,,,,,,,,4,,1,,,,
1618090,,,,,,,,,,,,,,,,,,,,,,,,,,,,,21,4,6
1618203,,,,,,,,,,,,,,,,,,,,,,,,,,,,,50,54,23
1618207,,,,,,,,,,,,,,,,,,,,,,,,,,,,,50,200,53
1618208,,,,,,,,,,,,,,,,,,,,,,,,,,,,,50,107,42
1618211,,,,,,,,,,,,,,,,,,,,,,,,,,,,,27,27,44
1618215,,,,,,,,,,,,,,,,,,,,,,,,,,,,,7,2,
1618219,,,,,,,,,,,,,,,,,,,,,,,,,,,,,13,21,1
1618220,,,,,,,,,,,,,,,,,,,,,,,,,,,,,1,3,5
1618223,,,,,,,,,,,,,,,,,,,,,,,,,,,,,45,106,92
1618227,,,,,,,,,,,,,,,,,,,,,,,,,,,,,3,7,
1618231,,,,,,,,,,,,,,,,,,,,,,,,,,,,,2,,
1618232,,,,,,,,,,,,,,,,,,,,,,,,,,,,,1,1,
1618240,,,,,,,,,,,,,,,,,,,,,,,,,,,,,43,52,14
1618245,,,,,,,,,,,,,,,,,,,,,,,,,,,,,6,7,8
1618260,,,,,,,,,,,,,,,,,,,,,,,,,,,,,,15,1
1618261,,,,,,,,,,,,,,,,,,,,,,,,,,,,,1,15,
1618262,,,,,,,,,,,,,,,,,,,,,,,,,,,,,7,20,16
1618263,,,,,,,,,,,,,,,,,,,,,,,,,,,,,7,19,4
1618264,,,,,,,,,,,,,,,,,,,,,,,,,,,,,5,12,10
1618265,,,,,,,,,,,,,,,,,,,,,,,,,,,,,1,3,1
1618266,,,,,,,,,,,,,,,,,,,,,,,,,,,,,3,4,
1618267,,,,,,,,,,,,,,,,,,,,,,,,,,,,,7,8,4
1618280,,,,,,,,,,,,,,,,,,,,,,,,,,,,,18,19,21
1618281,,,,,,,,,,,,,,,,,,,,,,,,,,,,,10,1,18
1618283,,,,,,,,,,,,,,,,,,,,,,,,,,,,,27,19,44
1618284,,,,,,,,,,,,,,,,,,,,,,,,,,,,,17,9,16
1618285,,,,,,,,,,,,,,,,,,,,,,,,,,,,,24,9,22
1618290,,,,,,,,,,,,,,,,,,,,,,,,,,,,,12,6,4
1618291,,,,,,,,,,,,,,,,,,,,,,,,,,,,,30,27,50
1618292,,,,,,,,,,,,,,,,,,,,,,,,,,,,,4,3,2
1618293,,,,,,,,,,,,,,,,,,,,,,,,,,,,,11,4,5
1618294,,,,,,,,,,,,,,,,,,,,,,,,,,,,,10,12,7
1618295,,,,,,,,,,,,,,,,,,,,,,,,,,,,,,,18
1750007,,,,,,,,,,,,,,,,,,,,33,38,34,44,40,62,19,23,23,37,23,30
1750008,,,,,,,,,,,,,,,,,,,,43,62,44,38,95,107,60,50,59,83,37,40
1750009,,,,,,,,,,,,,,,,,,,,39,28,55,53,78,88,45,36,56,77,63,72
1750010,,,1,1,,1,6,4,1,,1,1,1,2,3,5,6,2,2,9,3,1,4,10,10,4,13,2,1,1,7
1750012,,,,,,,,,,,,,,,,,,,,,,1,12,197,33,43,44,66,21,20,23
1750015,39,48,49,73,47,33,50,47,68,91,93,75,83,95,80,67,99,81,65,81,89,41,83,66,42,92,39,64,44,78,46
1750016,2,1,1,2,1,3,,,3,1,2,,1,1,,2,,,1,,1,1,7,1,1,2,1,2,2,3,
1750018,2,,4,,5,,,,1,,1,1,1,,,,,2,1,1,,,1,2,,3,,,2,,1
1750019,,,,,,,6,8,26,36,40,45,43,22,23,11,7,,1,,3,3,2,4,,,2,1,,1,
1750020,7,6,6,8,8,13,9,10,3,4,14,3,14,4,9,1,4,5,12,16,6,5,8,2,9,4,3,3,5,1,
1750022,,,,,,,,,,,,,,,,21,40,56,43,39,,,,53,25,26,38,85,13,24,32
1750023,,,,,,,,,,,,,,,,,,,,,,1,,1,1,,,2,,,
1750024,,,,,,,,,,,,,,,,,2,2,3,4,,2,4,,3,,2,1,,,
1750025,2,2,2,2,7,8,2,3,5,4,6,1,2,4,2,5,2,,,1,6,,1,1,2,2,,,,3,
1750026,,,,,,,,,,,,,,,,,,1,2,,,1,1,,,,1,,,1,2
1750027,,,,,,,,,,,,,,,,,,,,,,,,,,,,,,1,
1750028,,,,,,,,,,,,,,,,,,,,,,,,,,,,,,1,
1750029,,,,,,,,,,,,,,,,,1,,,,,,,,,1,,,,,
1750031,,,,,,,,,,,,,,,,,,,,15,7,,3,1,3,2,2,5,2,2,1
1750032,,,,,,,,,,,,,,,,,,1,,1,,,1,,,,,,,,
1750033,,,,,,,,,,,,,,,,1,,2,,,,,1,1,,,,,,,2
1750034,,,,,,,,,,,,,,,,,,,1,4,17,1,5,1,5,5,,7,1,2,6
1750035,,,,,,,,,,,,4,3,,3,0,1,3,,,,,4,2,3,,2,4,,,1
1750036,,,,,,,,,,,,,,,,,,,,,,,1,4,1,,,,,3,5
1750037,,,,,,,,,,,,,,,,,,,,1,,,,,,,,,,,1
1750038,,,,,,,,,1,1,,2,5,4,0,,,4,1,,,,,,,,,,,,1
1750039,,,,,,,,,,,,,,,1,,,20,2,1,,2,2,6,1,2,1,2,,5,1
1750040,,3,,,1,,1,,,,,,2,2,1,1,3,2,,6,1,,3,1,1,2,4,,,2,3
1750041,,,,,,,,,,,,,,,,,,1,,,,,,,,1,,1,,,3
1750042,,,,,,,,,,,,4,1,,,1,,,1,1,1,,,,,,,,1,1,
1750043,,,,,,,,,,,,,,,,,,,,,,,,,,,,,,1,
1750044,,,,,,,,,,,,,,,,,,,,,,,,,2,,,1,,1,
1750045,8,6,4,8,6,3,7,6,20,4,28,14,20,6,14,5,5,3,17,5,7,4,12,2,,8,,8,5,8,1
1750046,6,4,5,,3,19,50,13,,,17,18,23,11,7,4,,,2,5,1,3,4,1,6,7,2,6,1,2,1
1750047,,,51,9,31,6,,2,,,15,5,5,5,4,6,2,7,3,12,1,9,20,,,,8,15,12,14,4
1750048,3,2,2,2,2,1,2,2,3,3,2,2,3,3,3,79,10,3,34,54,14,38,66,113,53,63,50,45,35,31,42
1750049,27,66,92,75,74,63,139,54,,,47,76,98,64,95,97,98,81,102,130,50,1,100,113,52,85,66,115,5,9,74
1750053,,,,,,,,,,,,,,,,,1,1,,1,,1,,,1,,2,1,3,,1
1750054,,,,,,,,,,,,,,,,,,1,,,,,2,,2,1,,1,,1,
1750059,,,,,,,,,,,,,,,,,,,,2,3,,1,2,2,13,4,7,4,1,9
1750060,11,2,1,4,4,2,2,8,6,3,7,10,5,15,15,1,18,12,26,5,27,11,32,13,11,13,12,7,3,53,
1750061,,,,,,,,,,,,,,,,,,,,,,,,1,,,,,,1,
1750062,2,6,1,4,3,2,3,5,3,,,,7,3,1,2,2,3,1,3,,,1,1,1,1,3,0,2,3,
1750072,,,,1,2,,,,2,1,,1,1,,,,1,2,1,12,12,10,44,9,7,28,20,6,4,9,14
1750075,,1,,,,,,,,,,,,,,,,,,1,,,,,1,1,3,,3,2,1
1750077,,,,1,1,4,3,3,5,6,20,26,11,12,11,14,5,14,6,7,13,7,9,14,7,11,14,,10,,6
1750078,3,4,11,6,2,5,10,7,8,15,8,18,10,14,15,5,12,10,17,10,4,6,14,8,10,15,15,10,5,9,6
1750089,,,,,,,,,,,,,,,,,,1,,,,,,1,2,0,,,,2,
1750090,,2,2,1,,1,2,2,,,,1,,,3,0,1,,,1,1,,1,,2,,,2,2,,
1750094,1,0,1,0,,,3,1,1,,2,1,0,3,1,2,1,2,2,,,,,1,,,,1,,,
1750095,17,9,90,24,23,24,16,34,27,17,14,20,21,20,11,13,5,6,17,6,10,4,4,4,8,6,4,6,3,8,5
1750096,,,,,,,,,,,,,,,,,,,,1,1,1,2,2,,1,1,,1,2,
1750098,121,100,174,134,148,121,140,103,102,110,177,166,243,171,185,209,150,134,197,214,65,170,289,280,253,311,176,215,167,74,154
1750100,40,57,24,29,34,58,33,43,47,26,32,61,60,54,48,25,28,36,57,70,62,61,76,104,62,21,74,66,42,86,21
1750120,81,65,60,41,97,51,84,64,69,48,65,59,93,59,75,86,67,70,91,85,60,51,84,92,105,95,93,64,87,81,58
1750122,,7,15,10,11,10,11,11,11,14,13,10,14,13,8,6,12,6,7,8,3,5,11,3,7,9,3,13,1,11,5
1750124,,,,,,,,,,,,2,2,1,1,2,,,2,1,,1,,1,1,,,,,,
1750139,,,21,41,31,28,42,15,45,15,25,18,42,45,20,42,14,11,20,9,22,7,19,12,25,28,14,13,6,12,16
1750140,,,112,209,33,102,162,101,138,168,176,101,189,268,163,207,142,140,146,164,109,102,209,167,176,162,220,148,92,90,46
1750142,44,34,10,5,13,1,18,22,23,34,36,52,10,39,62,42,39,30,39,71,44,43,82,54,27,7,29,88,59,70,56
1750160,9,10,12,9,8,5,6,8,8,11,7,3,12,9,7,10,5,4,8,13,8,2,13,2,15,10,5,12,7,9,17
1750184,,,,,,,,,,,,,,,,,,1,0,1,2,1,1,3,2,,,,,,
1750185,,,,,,,,,,,,,,,,,,,,,,,,,,,,2,,,
1750186,,,,,,,,,,,,,,,,,,,,,,,,,2,2,2,,1,2,
1750191,,,,,,,,,,,,,,,,,,,,,,,,1,,,1,,2,,4
1750192,,,,,,,,,,,,,,,,,,,,,,,1,0,,,,,,,
1750193,,,,,,,,,,,,,,,,,,,1,-1,,,2,,1,1,1,1,,3,3
1750194,,1,,,1,,,3,1,,2,0,,,2,2,1,2,1,1,,,2,2,3,5,3,3,1,,2
1750195,1,0,-1,2,2,,1,,1,,2,0,1,1,1,,,,,,,,,,,,,1,,,
1750196,,,,,,,,,,,,,,,,,,1,,,,1,1,2,,2,,,0,,2
1750197,,,,,,,,,,,,2,4,2,2,2,2,4,4,3,1,3,5,5,9,9,6,4,6,10,4
1750200,3,4,6,1,8,3,5,4,5,6,10,7,9,2,9,18,4,10,3,8,5,4,1,6,12,9,4,5,4,10,2
1750202,3,0,-1,5,,2,1,,3,2,1,4,,2,1,2,,1,4,2,2,,1,4,2,1,1,,,4,
1750205,1,,,,,,1,,,1,,,1,,,,1,,1,,,1,,1,2,,,1,,1,
1750206,,,,,,,,,,,,,,,,,,,,,,,,1,,,,,,,1
1750207,,,,,,,,,,,,,,,,,,,,1,,,,,,1,,,,,
1750210,,,,,,,,,,,,,,,,,,,,1,,,,,,,1,,,,1
1750212,,,,,,,,,,,,,,,,,,2,,,,,,,,1,1,,,,
1750227,,,6,21,15,6,,1,1,,,,,,,,,,,,,,,,,1,,,,,
1750228,,,41,58,1,,,100,29,33,27,41,,,,,,,,,,,,,,,,,,,
1750229,,,,,,,,120,82,48,,,,,,,,,1,2,1,1,3,1,2,,,1,1,1,
1750230,,,,,,,,,,,,2,3,,6,5,1,3,,4,3,1,,2,4,1,3,3,2,6,3
1750231,,,,,,,,,,,,,,1,1,2,,1,2,,,3,2,1,1,4,9,2,3,2,2
1750232,,,,,1,,,,1,,,,,,,,,,,,,,,,1,1,,,,,0
1750233,,,,,,,,,,,,,,,,,,2,,,,,3,1,2,1,,3,1,,5
1750235,,,,,,,,,,,,,,,,,,,,2,,1,2,2,,1,3,1,1,1,4
1750236,1,1,9,1,6,3,2,6,15,,4,8,15,16,12,9,5,29,41,14,7,10,18,11,31,53,17,28,20,39,22
1750237,,3,1,,2,1,2,4,5,6,4,8,2,11,3,6,7,1,7,1,3,4,5,3,12,6,8,15,5,32,2
1750238,,,,,,,,3,2,,1,2,17,2,4,2,,2,,3,3,6,14,7,13,26,9,1,,40,6
1750239,,,,,,,,,,,,,,,,,,,7,4,,3,13,11,21,20,12,15,4,11,7
1750240,,,,,,,,,,,,,,,,,,,,,,,,,,,1,10,7,13,13
1750241,,,,,,,,,,,,,,5,,1,2,,3,,3,4,8,2,9,2,,3,5,1,
1750242,,,,,,,,,,3,1,1,2,5,2,4,7,3,6,1,9,6,8,17,13,9,15,5,18,3,
1750243,,,,,,,,,,,,,,,,,1,0,,,,1,1,2,2,3,1,3,,8,3
1750244,,,,,,,,,,,,,,,,,,,,,,,,,,,2,,,,
1750245,,,,,,,,,,,,39,1,8,6,5,8,8,9,3,1,4,9,12,7,20,20,18,12,6,18
1750248,50,67,35,35,27,44,18,57,35,30,25,33,43,40,37,27,25,33,12,19,25,37,30,60,63,77,14,125,8,74,62
1750249,,,,,,,,,,,,,,,,,10,,12,,3,4,10,3,5,18,5,28,,6,1
1750250,324,249,357,264,316,515,359,421,386,295,608,414,597,360,384,502,392,340,486,455,452,462,548,721,600,489,559,275,626,582,568
1750252,155,167,136,165,58,173,129,136,153,212,216,174,218,235,141,237,204,197,271,233,189,201,325,308,286,265,373,260,70,400,368
1750254,239,202,203,254,176,266,280,322,252,250,325,310,449,312,276,402,317,305,383,377,308,328,483,597,654,581,564,552,761,878,555
1750256,141,142,199,164,81,138,207,207,210,195,227,277,191,322,242,235,212,217,302,270,256,366,344,704,546,425,491,440,508,662,447
1750258,50,42,51,67,42,51,67,45,80,107,74,80,74,94,67,103,70,88,149,76,58,55,106,101,121,114,172,133,148,220,119
1750260,13,18,22,26,23,30,9,27,26,11,14,18,15,34,30,40,33,48,65,36,41,30,29,59,28,28,54,33,51,56,36
1750262,16,19,15,14,10,9,29,16,16,12,18,26,17,34,25,14,30,13,27,12,26,18,10,33,40,23,22,30,19,27,14
1750272,32,37,25,37,22,36,30,25,42,22,13,20,32,24,56,37,41,35,38,21,27,12,55,63,32,33,44,58,21,41,65
1750274,25,33,28,36,15,22,11,27,26,28,20,20,42,36,52,28,40,21,37,24,15,10,43,45,38,42,48,42,57,43,63
1750276,44,41,57,49,48,47,51,55,91,34,92,92,73,112,103,67,98,100,134,108,84,65,125,132,166,140,59,153,112,141,245
1750278,95,59,115,86,73,79,63,100,118,122,157,98,93,192,121,105,150,161,194,133,259,101,182,244,193,38,81,190,131,196,196
1750280,22,45,48,29,21,19,53,29,45,64,24,42,51,88,41,50,70,66,88,46,61,47,71,96,78,130,71,62,159,33,79
1750282,17,30,27,19,17,4,25,32,33,25,39,35,36,46,41,35,54,70,86,48,61,35,43,107,58,79,31,57,61,52,77
1750284,14,9,6,10,12,6,12,9,19,8,15,26,10,11,16,26,5,6,17,8,9,8,15,20,21,7,5,35,13,7,13
1750292,,,,,,,,,,,,,,,,,,,,,,,,1,,,3,1,1,1,1
1750293,,,,,,,,,,,,,,,,,,,,,,,,1,1,1,2,2,1,1,
1750294,,,,,,,,,,,,,,,,,,,,,,,,1,,1,2,1,1,1,
1750295,17,23,16,9,8,21,32,23,33,9,39,23,16,17,30,20,30,17,8,19,15,5,15,15,13,15,11,17,2,23,9
1750296,,1,1,,,0,,2,-1,,,1,,,,,,1,,,,1,,,,2,,2,1,1,
1750298,2,2,0,1,7,2,4,3,4,1,2,4,,1,,2,,1,2,2,1,-1,3,1,0,,3,1,1,0,1
1750299,1,1,2,1,,1,,2,3,,2,1,1,2,,,1,1,1,1,2,,1,1,2,4,,2,,,1
1750300,30,45,52,50,51,51,55,69,73,52,85,71,72,115,71,72,60,94,120,94,70,34,86,94,100,105,74,105,61,68,59
1750301,4,1,1,3,2,14,27,11,27,7,29,20,22,29,12,17,16,23,34,27,31,8,31,34,21,27,28,36,11,34,32
1750302,7,6,5,5,3,2,9,5,8,7,6,7,7,14,4,6,8,5,9,3,8,7,7,10,3,7,5,2,6,4,
1750303,,,,,,,,,,,,,,,,,1,,,,,,,,,,,,,,
1750304,,,,,,,,,,,,,,,,,,,,,,,,3,,1,1,,,,
1750305,,,,,,,,,,,,,,,,,,,,,,,,,,,,,,1,
1750306,,,,,,,,,,,,,,,,,,,,,1,,,,1,1,,2,,,
1750307,,,,,,,,,,,,,,,,,,,,1,,,,1,1,,1,,1,1,
1750308,,,,,,,,,,,,,,,,,1,,,,,,,,,,,,,,
1750310,,3,1,1,,,,,,,,,,,,,2,,,0,,,,,,,,,,,
1750311,,,,,,,,,,,,,,,,,,,,,,,,1,,,,,,,
1750312,,2,,1,8,4,3,2,4,12,3,7,7,9,9,2,5,8,7,8,3,1,11,8,11,4,9,10,,8,4
1750313,,,,,,,,,,,,,,,,,,,,,,,,,,,,1,,,
1750314,,,,,,,,,,,,,,,,,,,,,1,,2,12,2,3,6,5,,,1
1750315,,,,,,,,,,,1,-1,1,,,,,1,2,,,,,1,1,1,1,,2,,1
1750316,,,,,,,,,,,,,,,,,,,,,,,,,,,1,1,,1,2
1750320,2,0,0,1,1,1,2,1,2,,1,,1,1,1,3,1,,3,2,1,,2,2,1,4,,3,2,3,1
1750322,,1,,1,4,1,4,,2,2,3,1,1,,2,2,5,5,2,1,1,1,,3,4,2,6,2,,6,5
1750324,,,,,,1,1,,1,1,,1,2,,2,,,,1,2,,2,1,,2,3,,3,,1,
1750325,,2,,,1,1,,,,,,,,2,,,,,,1,1,1,,1,1,2,1,,,1,2
1750327,,2,1,,1,,,,,,,,,1,1,,,,,,3,,1,,,2,3,,2,3,1
1750328,,,1,,1,2,,1,2,1,1,,4,,2,0,1,2,1,3,,0,1,,2,2,2,,2,2,2
1750350,2,2,,,1,3,1,,2,,2,0,5,5,5,2,3,,,5,1,,3,2,6,8,12,2,6,3,3
1750370,4,1,,,1,2,,3,,1,3,,2,1,,2,1,,1,4,1,,1,3,4,,,1,3,2,2
1750378,8,3,2,6,2,3,4,4,8,,5,9,4,15,7,5,15,7,6,1,7,1,7,10,5,6,1,7,3,5,4
1750380,1,,1,1,,1,6,1,8,,1,6,5,9,2,4,4,4,5,4,3,1,9,7,5,1,5,3,9,2,5
1750385,5,1,2,1,,1,6,0,9,1,,7,6,5,3,4,9,4,10,3,5,10,13,9,5,8,4,12,6,2,7
1750390,4,3,2,2,1,,4,1,4,1,1,6,3,10,2,7,6,8,8,1,3,9,9,11,6,4,1,9,,2,1
1750400,6,8,12,25,25,30,16,35,39,70,123,85,23,57,45,35,27,60,42,21,24,18,24,41,40,20,63,25,36,52,37
1750402,2,2,4,2,8,8,4,3,-1,1,3,4,3,4,1,2,2,4,3,1,5,,,3,4,6,8,8,3,5,7
1750404,,,,,,,,,,4,,,,5,,,,1,-1,,,,,,0,,,,2,,
1750412,5,1,1,2,5,1,4,1,2,1,1,4,6,8,12,7,2,5,3,8,13,2,8,11,24,9,29,6,15,2,8
1750418,19,12,10,12,26,6,4,5,5,2,2,10,5,,12,2,1,2,1,1,6,4,11,,17,7,28,4,11,5,6
1750439,,,,,,,,,,,1,,,,,,,2,,,,,1,,,1,1,2,,,1
1750440,,1,,,,1,2,,,,,,1,,1,,2,1,2,1,,,2,,1,,1,,,,
1750441,,,,,,,,,,,,,,1,,,,,,,,,1,2,,7,,,1,2,2
1750442,1,,,,,,1,3,1,1,1,2,,,,5,4,1,1,,2,,3,2,4,,3,1,2,1,3
1750443,,,,,,,,,,5,,,,2,,3,,1,,2,,1,,2,,,1,4,1,,3
1750444,,,,2,,,1,,,3,,,3,,,2,1,,2,3,1,-1,2,2,3,6,7,7,5,1,3
1750446,,2,6,1,2,4,,7,,5,6,,4,1,2,0,2,4,2,1,5,1,5,8,21,11,10,9,2,22,13
1750448,,,0,,,2,2,,1,1,,,,1,1,1,1,,,,1,,3,1,3,2,1,2,2,,
1750450,,,,,1,,,,1,2,,,,,,,,,,,,,1,1,2,1,2,4,1,,2
1750452,,1,1,,3,1,,1,,,1,1,1,1,1,,3,2,,,1,3,2,,5,,,3,1,2,1
1750460,,,,,,,,,,,2,1,1,3,,1,,3,,3,,4,6,7,7,5,1,1,1,1,3
1750461,,,,,,,,,,,2,,1,,2,2,3,,1,4,,4,2,10,11,20,6,10,14,8,7
1750470,,,,,,,9,2,21,14,6,4,14,18,37,7,20,23,12,32,24,39,28,51,67,55,73,66,58,55,114
1750471,,,,,,,6,4,12,7,15,9,16,12,29,27,11,23,21,36,29,22,39,41,49,41,65,49,64,59,32
1750472,,,,,,,7,3,20,6,16,19,17,22,31,29,16,28,16,27,36,13,40,30,38,37,43,64,43,20,47
1750476,,,,,,,2,1,2,2,2,1,8,6,8,10,10,18,1,1,4,5,5,10,7,10,,11,7,4,8
1750477,,,,,,,6,,5,9,3,5,11,6,8,9,8,19,3,12,5,2,6,14,4,10,4,15,13,7,3
1750487,,,,,,,,,,,,,,,,,,,,,,,,,,,,,,,1
1750488,,,,,,,,,,,,,,,,,,,,,,,,,,,,1,,1,
1750489,,,,,,,,,,,,,,,,,,,,,,,,,11,1,4,2,5,3,10
1750491,,,,,,,,,,,,,,,,,,1,2,,2,,2,,4,1,1,,,3,2
1750492,1,,1,2,4,2,1,3,3,1,2,4,4,2,3,2,4,4,4,5,2,,5,5,5,4,3,10,6,6,4
1750493,,,,,2,0,0,2,,10,1,,1,2,3,3,1,1,1,2,1,1,3,1,6,4,1,1,0,7,2
1750494,,,1,1,1,1,2,1,1,2,2,2,2,1,,1,2,1,3,,,1,1,1,,,,3,,,
1750495,,,,,,,,,,,,,,,2,3,2,2,3,3,,3,5,2,1,3,5,1,1,3,3
1750496,,,,,,,,,,,,,,,,,,,,1,,,,1,,,,,,,2
1750499,,,2,1,,,,,1,,,,,,,,,,,,,,,1,,,,1,1,,
1750505,44,44,52,42,44,46,29,45,45,41,43,53,53,42,47,41,52,48,43,68,38,46,84,101,52,104,71,63,54,45,51
1750506,24,18,11,13,17,21,18,25,20,30,20,46,29,42,37,32,28,27,34,46,36,28,75,81,59,60,70,49,55,65,45
1750508,8,8,3,8,7,9,5,9,9,4,5,11,4,9,13,6,2,7,7,8,10,9,17,13,11,12,10,7,8,4,9
1750520,8,6,11,7,6,10,4,5,9,6,9,6,13,4,8,12,6,9,7,16,7,4,13,5,10,10,4,7,5,6,5
1750525,2,,1,1,3,1,2,1,3,1,2,2,2,2,,2,1,3,1,,4,1,5,4,,7,1,5,3,,1
1750540,15,9,9,11,12,17,15,19,23,15,17,15,18,18,23,10,19,18,14,18,16,7,19,25,,54,15,10,20,13,16
1750542,196,191,214,296,148,226,190,276,199,158,200,233,200,244,216,259,264,261,215,125,277,162,347,267,277,317,188,235,177,324,236
1750543,2,3,6,11,,3,-2,6,7,3,3,3,14,,3,11,1,8,10,,11,12,13,2,8,6,8,14,6,,
1750544,218,185,143,194,175,181,178,102,232,187,188,204,167,240,188,156,241,135,234,156,222,209,400,365,320,190,201,385,225,359,420
1750545,15,6,5,11,10,18,3,4,8,8,7,25,9,5,9,14,10,2,6,8,15,,24,23,16,10,8,28,12,13,8
1750548,15,18,44,63,35,50,19,40,57,24,72,25,35,33,33,67,36,39,39,43,50,37,33,61,66,24,65,27,42,14,42
1750555,5,3,,2,1,1,5,2,2,,5,3,4,,1,1,2,3,2,0,5,2,5,10,11,6,2,2,9,5,3
1750560,,2,2,,,,,1,4,1,,1,2,3,1,1,1,,,,2,1,2,4,4,1,,7,2,,6
1750561,,1,1,1,,,,1,2,,,1,,1,1,,1,,,,,,,1,1,3,,1,2,,
1750562,4,,,,,1,,1,1,,,,,1,1,1,,,,,,,,1,,1,,,,,
1750563,4,,,,,,,1,,,,,,1,2,,,1,,,,,,3,,,,,,,
1750564,,,,,,,,,,,,,,,,,,,,,,6,1,4,2,1,,,,,
1750565,,,,,,,,,,,,,,,,,,,,,,5,,,3,2,,1,,,0
1750570,,,,,,4,,2,,2,,4,,,,,1,,,,,,1,1,1,2,2,1,2,1,
1750577,,,,,,,,,,,,,,,,,,,,,,,,,,,1,1,,,
1750578,,,,,,,,,,,,,,,,,,,3,,2,,3,,4,,3,3,,,
1750579,,,,,,,,,,,,,,,15,3,2,2,3,3,2,,3,1,6,,4,,3,3,1
1750580,2,6,3,8,7,5,3,5,15,11,10,9,20,11,4,6,18,11,25,8,15,20,11,14,20,19,7,30,4,10,6
1750582,,,3,5,5,1,1,3,4,6,3,8,10,5,4,2,9,11,10,5,11,8,11,10,8,9,9,14,9,10,7
1750584,2,3,1,3,3,1,1,2,5,6,3,2,1,2,1,2,5,2,2,2,8,4,4,1,2,1,9,3,3,9,1
1750640,,,,,,,,,,,,,,,,,,,,,,,,,,,1,,,0,
1750641,,,,,,,,,,,,,,,,,,,,,,,,,,1,,,,,1
1750643,,,,,,,,,,,,,,,,,,,,,,,,,,1,,,,,1
1750645,,,,,,,,,,,1,,,,,,1,,,,,,,,,,,,,,
1750650,,,,,,,,1,,,,,,,1,,1,,1,,,,,1,,,,,1,,
1750654,,,,,,,,,,,,,,,,,,,,,,,2,4,5,1,2,4,1,2,1
1750656,,,,,,,,,,,,,,,,1,,1,1,,,2,,,2,,2,,,,
1750660,,1,,,,,1,,,,,2,,,,,2,,,,,1,1,2,,,,,,,
1750675,,,,,,,,,,,,,,,,,,,,,,1,,,,,,,,,
1750690,,,,,,,9,67,66,33,39,97,107,62,171,1,1,100,82,72,98,66,118,156,297,333,285,203,142,160,143
1750695,,,,,,,5,8,7,7,15,31,-1,14,7,17,13,16,1,,,,,,32,39,38,13,5,8,1
1750705,,,,,,,3,5,4,21,4,,6,4,18,5,1,4,3,5,1,3,3,1,3,2,2,1,4,3,4
1750710,,,,,,,2,10,8,12,15,23,15,14,17,13,19,19,5,33,11,16,25,16,21,21,12,33,8,4,37
1750714,,,,,,,,,,,,3,16,1,37,19,8,17,21,22,19,16,45,195,34,110,197,242,11,20,13
1750715,,,,,,,2,2,6,3,5,3,20,10,47,12,9,16,32,14,6,5,25,16,22,11,20,18,6,15,12
1750716,,,,,,,,,,,,53,3,8,1,1,,,,1,,,,,8,7,5,37,7,2,5
1750720,,,,,,,,5,,2,4,4,4,7,3,7,6,10,,19,27,6,10,14,20,31,3,40,1,,
1750760,,,,,,,,,,,,,,,22,5,11,7,16,9,2,2,13,11,6,15,4,2,4,8,9
1750762,,,,,,,,,,,,,,,15,4,5,1,3,1,1,,2,4,7,1,5,5,2,,4
1750778,6,4,15,10,4,1,5,1,7,7,5,5,4,12,6,12,10,6,15,8,17,11,9,14,10,18,6,3,19,3,30
1750785,,,3,5,5,6,6,3,2,9,2,9,1,7,2,8,4,2,7,2,,4,6,1,1,6,4,2,,2,1
1750786,,4,7,2,8,1,4,2,2,3,2,4,3,13,20,45,5,3,2,21,1,8,5,5,5,6,4,3,1,4,3
1750787,,,,,,10,31,28,,27,33,55,8,9,64,15,12,49,23,10,45,26,38,3,17,39,20,42,2,1,8
1750788,,,,,,,,15,3,5,2,5,5,3,3,,,,,,,,,,37,64,99,10,42,9,24
1750790,,,,,,,,,,,,,3,6,3,1,,,,2,,,,,,,,,,,
1750800,,2,,3,,7,2,,,,4,,3,1,11,2,10,3,3,,1,8,4,2,7,3,4,5,6,12,15
1750810,,1,,5,2,5,1,1,2,1,5,7,6,7,16,5,12,5,10,4,6,7,9,16,15,10,2,15,3,25,12
1750875,4,1,12,2,13,10,15,8,10,2,17,22,20,15,36,12,47,50,20,20,29,18,60,62,48,38,62,25,18,100,54
1750880,4,3,5,3,1,8,3,2,6,5,13,12,7,20,15,13,19,22,25,22,37,20,52,49,27,83,15,,56,44,51
1750885,8,3,,1,1,11,3,,1,14,13,3,4,8,20,7,22,10,15,4,24,18,21,35,22,22,17,29,9,46,17
1750890,6,1,,,3,10,1,1,,7,4,5,1,6,7,6,12,1,10,2,7,10,10,1,21,11,4,18,8,32,4
1750895,5,1,,1,3,10,1,,,8,7,,,4,8,,13,,8,2,2,3,7,,1,7,6,11,4,20,6
1750910,,,,,,,,,,,1,,2,,2,1,5,1,2,1,2,,11,6,,1,,1,,5,4
1750912,,,,,,,,,,5,1,2,2,11,9,,3,5,3,2,4,1,6,3,2,8,2,6,1,5,5
1750930,,,,,,,,,,,15,376,10,34,28,37,84,67,22,20,6,,,75,,1,130,256,3,6,3
1750940,,,,,,,,12,104,70,100,49,229,64,117,182,176,134,122,138,173,106,213,163,177,353,316,370,73,412,440
1750943,,,,,,,,38,328,332,306,395,515,421,785,777,689,819,487,930,928,635,"1,030","1,118",727,369,525,912,251,655,377
1750952,,,,,,,,,,,,,,,,,,,264,426,528,302,728,520,999,365,"1,060",759,114,426,365
1750953,,,,,,,,,,,,,,,,,,,,,,,,,,"1,419",536,6,"1,189","1,325",978
1750954,547,530,354,745,984,724,"1,046","1,161","1,213","1,778","1,690","1,776","3,122","3,469","2,797","3,383","3,660","2,102","2,980","2,137","1,964","1,617","2,851","3,537","3,363","3,060","2,233","3,114","2,695","2,104","1,489"
1750956,352,418,406,414,542,641,578,653,526,624,512,727,658,844,522,371,566,521,594,912,459,402,787,"1,004","1,069",563,700,780,774,424,502
1750958,156,51,47,50,251,77,171,77,62,69,161,206,400,233,276,278,221,190,180,312,244,248,287,272,410,390,463,437,345,485,402
1750960,121,42,58,150,272,169,254,192,423,352,501,340,396,736,787,764,962,628,873,681,625,439,766,610,,164,396,812,30,795,565
1750962,,,,,,,,,,,,,,,,,,,20,30,235,43,345,262,413,386,457,450,607,536,622
1750970,211,"1,201","1,324","1,448","1,957","1,885","2,122","1,530","1,375",940,"1,042","1,927",706,391,276,423,666,369,256,228,237,161,234,77,215,212,43,28,355,68,161
1750973,238,230,283,477,606,397,705,820,936,896,"1,108","1,110","1,278",961,"1,478",945,866,"1,461","1,082","1,826","1,378","1,243","2,274","1,785","1,573","1,777","1,634","1,860",116,"1,246","1,058"
1750974,43,65,54,191,40,30,181,58,74,74,55,141,90,95,121,151,114,171,260,161,107,78,172,122,246,28,203,93,11,58,108
1750975,201,150,229,374,293,498,"1,611",902,349,439,587,"1,495",593,"1,331","1,005","1,395",570,"1,197","1,515","1,456","1,028",587,858,"1,190","1,179",947,"1,063",777,468,438,880
1750976,224,399,503,947,866,"1,354","1,044","1,868","1,020","1,501","1,244","1,448","1,570","1,610","1,725","1,174","1,083","1,077","1,268",888,629,"1,175",969,"1,368","1,237","1,207","1,112","1,614","1,313",522,864
1750978,78,537,256,156,361,424,406,158,117,147,101,241,223,79,11,101,69,38,63,65,46,34,78,26,40,85,58,25,21,59,
1750979,,379,"1,050",857,"1,253","1,699",783,"1,128",979,944,"1,077","1,101",330,115,325,163,226,190,443,160,172,68,375,89,163,222,88,35,204,50,108
1750980,178,202,38,378,320,451,729,996,475,"1,745","2,067","2,147",841,695,673,758,921,743,"1,104",613,694,814,746,672,878,271,380,607,407,671,519
1750981,10,33,33,45,60,32,30,94,8,17,36,57,8,85,14,29,65,77,36,61,17,2,59,59,18,53,33,24,12,85,56
1750982,76,27,,4,82,139,663,539,368,679,623,679,349,504,738,399,450,432,290,314,87,486,600,194,542,191,222,194,170,160,176
1750983,,,,,,,,,,,,,,,,66,25,25,25,7,12,9,98,61,51,2,64,31,67,123,16
1750986,,,,,,,,,,,,,,,,,,,20,35,10,37,146,26,36,9,14,92,72,175,80
1750988,142,90,96,222,92,"1,026",111,184,58,200,148,193,200,104,101,199,155,334,421,349,218,332,410,522,575,146,90,77,54,43,164
1750992,,,,,,,,,,,,,,,,,,,4,5,10,4,27,167,136,289,205,183,143,244,190
1750994,32,7,25,23,24,21,21,9,23,35,36,28,32,52,48,22,14,14,23,35,3,11,8,30,3,48,1,21,77,16,9
1750995,6,14,2,,8,2,1,4,3,4,2,17,5,19,1,,12,9,,24,3,,1,10,2,2,1,9,,,
1750996,8,,9,6,4,37,29,28,64,194,278,36,41,53,108,80,65,85,63,39,13,15,38,16,20,15,2,20,24,3,14
1750998,28,5,6,10,4,29,16,22,6,60,2,4,,6,6,16,12,9,9,13,9,2,6,14,3,16,12,1,3,9,3
1750999,,,4,,2,,,29,8,,10,5,6,22,10,15,14,8,27,,1,2,2,,14,17,10,10,1,,
1751000,6,2,23,11,31,1,4,16,6,,3,32,0,11,1,6,2,1,5,3,9,,11,7,,1,4,1,12,9,2
1751001,1,3,2,131,104,192,19,67,50,81,188,158,101,207,182,177,299,307,381,309,256,50,178,254,250,155,353,172,222,150,198
1751002,1,3,,45,3,2,2,5,,6,,15,,,10,,,,,,2,1,,,,,,1,,2,10
1751003,,1,4,,5,,,1,,3,9,9,11,2,12,,1,1,,4,2,1,,23,3,1,3,,,2,10
1751005,878,721,864,497,"1,266",791,"1,151","1,151",984,857,"1,297","1,184",815,"1,163","1,320","1,443",904,779,796,"1,161",624,367,"1,026",699,902,681,720,7,664,624,724
1751006,,,,,,,,,,,,,,,,27,28,64,36,153,130,108,115,211,213,186,699,446,177,249,69
1751047,,,,,1,,,,,,,,,,,,1,,,,,,,1,,,2,,,1,1
1751049,,,,,,,,,,,4,6,13,12,3,4,5,8,3,3,9,5,15,11,11,19,19,17,23,33,7
1751050,45,24,47,61,56,68,120,100,102,100,104,116,132,152,147,116,138,96,100,104,131,79,154,192,100,94,163,144,78,73,93
1751052,38,34,19,25,25,49,23,34,8,20,33,26,31,27,23,47,38,15,19,64,8,,69,40,25,43,23,68,31,40,25
1751055,20,22,9,32,11,19,20,27,29,34,35,44,51,38,28,47,15,34,13,15,32,10,27,29,42,31,33,13,3,31,11
1751057,2,3,7,4,13,3,6,5,,14,5,3,9,5,,8,6,,,13,,5,,25,1,25,2,1,2,18,
1751060,63,62,65,92,63,56,139,118,264,164,223,200,241,321,151,108,87,105,142,86,87,50,156,110,153,73,124,164,85,78,85
1751062,6,9,8,8,19,20,20,12,7,3,15,22,14,15,8,20,20,7,8,23,14,,15,7,11,11,5,4,21,5,7
1751065,14,8,38,17,19,19,31,14,23,20,24,8,12,18,16,35,33,29,23,28,31,8,19,27,42,78,22,9,24,22,34
1751090,,,,,,,,,,1,,,,,,,,,1,,,,,,,4,8,1,4,2,3
1751120,,,,,,,,,1,,1,,,1,,,,,,2,2,,,,2,1,,,,,1
1751124,,,,,,,4,10,10,8,22,257,31,21,24,27,18,40,27,13,36,11,22,12,19,27,12,20,6,12,9
1751125,,,,,,,,,,,,,,,,,,,,,,,,73,30,22,49,65,4,4,1
1751298,,,,,,,,,,,,,,53,39,7,,18,5,27,6,3,0,2,,2,2,5,2,7,34
1751299,,,,,,,,,,,,,,,,,,,,,,,1,,,,1,,,,
1751304,,,,,,,,,,,2,4,1,1,6,1,,,,4,,1,,,,,,2,,1,7
1751308,,,,,,,,,,,,,,,,2,,,2,1,0,-1,1,,,,1,,,2,1
1751309,,,,,,,,,,,,,,,,,,,,,,,,,,,,,,,1
1751310,,,,,,,,,,,,,,,,,,,,,,,,,,,,,,0,
1751328,,,,,,,,,,,,,,,,,,,,,,,,,,1,,,,,
1751330,,,,,,,,,,,,,,1,2,,1,1,1,1,,,,,1,,,9,,2,8
1751331,,,,,,,,,,,,,,,,,,,,,1,,,,1,,1,,,1,1
1751344,,,,,,,,,,,,,,,,,,,,,,,,13,5,3,5,18,5,4,26
1751345,,,,,,,,,,,,,6,2,1,2,3,1,2,,1,4,2,1,7,2,1,4,,,2
1751346,,,,,,,,,,,,,,,,,,,,,1,,,,0,,,,,,
1751400,,,,,,,,1,1,,1,,1,1,1,,1,,,,,,1,,1,,1,,,,
1751490,13,13,5,5,9,7,3,3,5,3,1,5,6,7,5,2,4,6,6,3,3,3,11,11,9,9,15,8,,,6
1751495,5,,,,,,,,,,,4,1,1,,,,,1,1,,,,,,0,1,,,1,
1751498,,,,,,,,,,,,,,,,,1,1,,,,,,,1,,,2,,,
1751500,1,3,4,6,7,1,5,1,1,3,5,6,22,7,8,5,6,10,8,4,6,5,11,11,11,8,17,7,7,,5
1751800,8,14,7,8,12,9,6,11,11,7,5,5,9,9,13,10,10,11,11,10,4,7,15,10,16,12,12,13,3,1,3
1751805,4,7,5,3,8,12,1,3,1,4,10,9,3,3,8,5,5,4,6,14,7,2,10,2,6,4,10,9,,,8
1751874,,,,,,,,,,,,,,,5,,,4,17,,10,6,4,3,1,5,9,,1,2,1
1751876,,,,,,,,,,,,,,,,,,,,,,,,,,,,2,1,3,9
1751877,,,,,,,,,,,,,,,,,,,,,,,,,,,,3,1,2,4
1751878,,,,,,,,,,,,,,,,,,,,,,,,,,,,2,,,1
1751997,,,,,4,10,3,3,3,3,8,7,1,1,3,1,1,,,1,,1,3,2,6,4,5,1,6,4,1
1751998,15,11,18,7,14,9,19,11,8,10,18,12,23,15,11,10,8,19,6,6,9,13,9,32,9,2,14,9,12,8,8
1751999,11,2,7,8,7,3,28,11,7,11,10,2,4,3,6,3,11,5,5,6,7,5,10,12,6,7,14,12,2,8,4
1752000,,,,,,,,,,1,3,6,4,12,4,8,10,13,11,24,,3,27,19,21,14,2,24,4,16,5
1752005,,3,2,1,0,3,1,,,1,,1,1,1,,2,1,2,,,1,2,,3,3,0,2,2,,3,
1752007,,,,,,,,,,,,,,,,,,,,,,,,,,,,1,,,
1752008,,,,,,,,,,,,,,,,,,,,,1,,,1,,,1,,,,2
1752020,,,,,,1,2,,,,,,1,,,,2,,,,,,,1,,1,,,,,1
1752035,12,8,14,18,16,10,27,16,18,13,20,31,24,19,30,34,13,22,29,15,25,7,26,43,32,29,36,13,20,26,19
1752038,13,12,8,24,20,14,21,19,15,17,28,32,50,40,42,41,37,32,26,49,36,33,78,78,64,71,43,69,21,58,50
1752040,1,,4,1,4,2,4,,1,3,4,3,4,4,3,,3,3,7,1,,1,5,4,4,6,7,8,6,6,8
1752045,,,,,1,,,,,,,,0,,1,2,,,1,1,,,,2,,,,2,,2,1
1752058,2,1,4,1,3,1,1,1,2,,4,,1,2,1,,1,,3,,1,,,3,1,,,1,1,2,
1752060,43,23,37,25,21,24,28,25,23,30,27,34,33,17,20,27,35,26,37,23,27,20,30,61,40,30,22,42,29,28,24
1752062,2,,,3,,3,,3,1,,1,,1,3,-1,2,2,,2,1,1,,4,4,1,2,6,1,1,,1
1752066,24,5,23,10,10,13,16,24,24,15,20,21,17,31,12,15,30,15,31,42,35,21,43,48,46,52,49,49,45,10,50
1752100,16,7,10,3,5,5,8,10,6,5,6,6,6,4,9,13,13,15,16,14,6,20,29,27,37,15,31,14,14,16,13
1752105,6,21,11,9,9,9,10,13,7,6,19,16,24,11,21,29,33,23,37,21,42,51,98,113,72,93,173,37,159,45,124
1752110,13,18,18,27,21,22,13,26,15,8,17,23,13,21,25,14,45,24,39,26,22,30,25,64,34,57,35,31,42,47,64
1752115,15,17,21,20,25,21,31,10,27,30,51,71,47,75,66,82,63,119,62,57,58,74,113,82,154,94,107,90,87,110,84
1752120,7,15,25,6,24,12,2,17,14,5,21,16,41,2,39,22,30,33,30,49,18,21,57,40,55,32,16,58,42,69,28
1752125,15,20,11,16,16,11,15,9,12,14,21,27,18,31,53,35,67,55,45,24,62,32,43,50,80,58,113,90,40,81,68
1752130,5,5,4,9,15,8,8,20,17,16,42,37,32,31,62,26,61,45,24,44,47,36,42,48,102,3,112,63,59,49,76
1752135,12,9,8,8,9,7,1,14,4,7,14,17,11,7,26,14,20,26,20,21,16,12,28,26,47,10,39,30,32,31,52
1752140,11,13,14,22,44,24,11,35,14,23,50,42,36,31,74,58,80,31,43,38,42,17,48,58,51,,61,67,56,83,56
1752142,13,5,3,3,19,3,9,11,9,17,15,11,43,16,30,25,48,24,31,12,23,25,51,32,53,24,51,33,69,67,50
1752145,4,5,2,2,7,7,4,6,2,7,4,4,14,4,12,19,7,7,14,6,9,11,18,4,23,16,27,19,19,40,6
1752150,12,13,9,5,8,8,9,11,11,9,15,17,34,18,30,45,34,38,31,34,36,25,40,46,43,35,65,38,40,60,26
1752155,,4,3,3,5,1,,10,,1,4,8,2,10,7,3,7,9,6,8,3,9,11,8,3,9,19,12,10,10,17
1752160,8,11,9,7,10,9,6,17,8,10,13,14,16,16,23,25,24,24,35,21,20,16,21,24,19,35,16,25,43,21,27
1752165,6,8,6,9,14,11,6,17,6,6,12,10,4,15,9,17,13,13,14,2,10,15,18,19,21,20,22,24,13,17,6
1752170,5,6,4,17,16,20,9,18,4,19,20,24,16,12,22,21,19,15,19,17,16,12,15,19,7,18,12,18,23,20,23
1752195,60,44,57,58,37,32,20,19,19,12,40,51,62,56,61,65,74,79,85,50,52,66,89,93,155,102,173,74,197,97,121
1752196,31,31,27,57,58,40,36,45,17,34,62,64,75,73,78,119,119,123,111,99,97,89,156,157,204,86,166,166,193,129,196
1752200,34,21,26,10,22,29,19,21,67,24,14,29,15,15,21,28,25,50,23,27,37,20,46,30,54,43,14,21,24,31,20
1752300,,,,,,,,,,,,,,,,,,,,,,,,,4,1,1,2,6,5,2
1752302,,,,,,,,1,3,,,1,4,,1,1,3,2,3,4,2,1,4,9,2,3,3,6,4,4,5
1752303,,,,,,,,,1,,1,3,3,,2,2,4,,8,7,5,2,7,15,8,3,2,13,7,6,12
1752305,,,,,,,,,3,,2,,2,1,4,,7,5,11,3,6,,12,11,4,22,1,17,17,1,19
1752307,,,,,,,,,2,,2,1,,4,2,2,4,3,4,2,4,,3,2,2,4,4,8,1,7,5
1752308,,,,,,,,,,,,,,,,,,,,,,,,,4,,2,1,2,,1
1752311,,,,,,,,,,,2,1,,3,3,2,1,3,4,2,,,2,4,2,1,,6,,5,4
1752320,,,,,,,,,,,,1,,,,,,3,-1,0,,,,,,,,1,1,,
1752324,,,,,,,,,,,,,,,,,,,,,,,,,2,1,,1,,,
1752490,9,19,26,11,23,32,35,17,35,24,12,18,25,41,27,36,27,46,31,29,50,31,35,55,48,39,39,33,50,53,46
1752500,210,191,232,150,235,138,170,187,302,249,193,162,221,163,189,191,129,191,170,222,90,85,200,263,133,32,164,125,195,138,229
1752502,10,8,4,11,20,13,11,4,18,5,8,3,5,9,5,1,4,19,14,13,2,17,5,18,10,11,3,,10,1,4
1753001,,,,,,3,4,2,3,5,1,2,6,6,2,3,7,3,7,5,4,1,8,8,8,3,8,4,4,7,8
1753002,6,5,8,4,4,3,3,5,2,3,1,5,7,3,7,3,4,2,6,2,1,1,3,8,4,5,3,4,8,7,4
1753250,2,1,,1,1,1,5,,2,,2,,1,,,,1,1,,2,,1,2,,,,1,,1,,2
1753260,,,,,,,,,,,,,,,,,,,,,,,,1,,,,4,0,0,3
1753262,,,,,,,,,,,,,,,,,,,,,1,,,,1,,1,1,,,
1753265,,,,,,,,,,,,1,,,,,,,,,,,,,,,,,,1,
1753270,1,2,,3,2,2,1,,1,1,,,1,1,1,1,,2,1,,,1,,1,,1,,2,,,
1753300,1,1,,1,,1,,2,1,1,1,1,1,2,1,,2,,,,,,1,3,,3,1,,,,
1753302,,,,,,,,,,,,,,,,,,,,,,,,,,,,,,,1
1753304,,,,,,,,,,,,,,,,,,,,,,,,1,,,,1,1,,
1753400,,,,,,,,,,,,,,,,,,,,,,,,1,,,1,,,,
1753500,83,40,29,23,4,39,16,24,33,42,78,120,128,143,159,132,145,114,160,125,117,124,272,147,196,220,294,190,,245,103
1753930,,,,,,,,,,,,,,,,,,,1,14,3,4,7,3,3,,1,1,2,2,4
1753944,,,,,,,,,,,,,,,,,,,16,3,2,3,,,,,1,1,,1,
1753945,,,,,,,,,,,1,4,1,2,,1,1,,,,13,1,1,1,,,,,,1,
1753948,,,,,,,,,,,,1,,,,,,,1,,,,,,,1,,,,,
1753950,,,,,,,,,,,,,1,,,,,,,,2,,,,,,,2,,,1
1753951,,,,,,,,,,,,,,,,,,,,,,,,,,,1,,,,
1753952,,,,,,,,,,,,,2,,1,,,,,,,,1,,1,12,9,20,1,,
1753953,,,,,,,,,,,,,,22,12,45,1,51,1,40,5,3,3,2,1,1,3,1,,1,3
1753954,,,,,,,,,,1,,,1,1,,,,,,,,,,,0,1,,,0,,
1753955,,,,,,,,,,,,,,,,,,,,,,,,,,1,,,,,
1753956,,,,,,,,,,,,,,,,,,,,,0,,,,,,,,,,
1753957,,,,,,,,,,,,,,,,,,,,,,,,,,,1,18,2,,11
1753958,,,,,,,,,,,,,,,,,,,,,,,,,,,,,,1,
1753962,,,,,,,,,,,,,,,,,,,,,,,2,3,3,,5,2,,1,
1753965,,,,,,,,,,,,,,,,,1,,2,1,,,,,,1,,,1,1,1
1753966,,,,,,,,,,,,,,,,,,,1,2,1,1,,2,,,,1,1,2,
1753967,,,,,,,,,,,,,,,,,,,,,,,,,,,1,,,,
1753968,,,,,,,,,,,,,,,,,,,,,,,,,,,,,1,,
1753974,,,,,,,,,,,,,,,,,,,,1,,1,,,,,,,1,,
1753975,,,,,,,,,,,,,,,,,,,,,,,,,,,,,1,,
1753976,,,,,,,,,,,,,,,,,,,,,,,,,,1,,,,,
1753981,,,,,,,,,,,,,,,,,,,,,,,,,,,,1,,,
1753990,,,,,,,,,,,,,,,,,,,,,,,1,,,,,,,,
1753991,,,,,,,,,,,,,,,,,,,1,,,,,,,,,,,,
1753996,,,,,,,,,,,,,,,,,,,,,,,,,2,2,0,2,,,1
1753997,,,,,,,,,,,3,1,1,,,,,,,0,1,1,1,1,2,1,,2,,1,1
1753998,,,,,,,,,,,7,,2,1,1,2,1,,0,3,1,,2,,4,4,2,2,2,3,
1753999,,,,,,,,,,1,3,1,1,1,2,2,,2,,,,,,1,1,,,3,,2,2
1754000,8,4,6,12,9,13,10,8,4,8,6,9,6,7,13,10,9,11,10,7,10,8,14,15,22,18,10,18,8,10,16
1754001,,,,,,,,2,2,,3,1,,,2,4,3,3,1,4,6,,6,3,7,6,8,9,6,8,6
1754002,56,51,42,30,4,,1,,,,,,,,3,,,,,,,,,,,,,52,152,73,89
1754003,2,2,,1,2,1,,2,-1,3,1,,1,,,1,,1,1,-1,2,4,1,5,2,4,1,4,,3,1
1754005,50,49,166,183,212,215,241,142,181,192,235,216,255,290,259,262,238,281,279,225,194,247,444,518,313,484,450,381,194,282,259
1754006,86,74,,,,,,,,,1,10,5,1,3,3,8,8,2,2,8,5,3,10,10,6,5,3,14,4,6
1754007,7,6,,2,,,,,,4,5,4,11,11,6,3,12,9,5,4,7,4,0,2,13,9,6,8,13,3,6
1754008,8,13,7,4,10,11,3,6,15,9,5,6,6,6,4,9,6,3,7,12,3,6,5,7,4,9,6,7,9,4,4
1754009,13,15,12,5,14,20,24,22,13,2,21,8,19,16,7,17,20,14,15,19,26,9,12,18,23,26,14,22,9,14,28
1754010,,,,,,,,5,5,1,1,8,4,3,4,7,3,2,5,,2,5,3,7,4,2,8,6,5,6,4
1754011,,2,6,6,13,11,17,11,23,6,12,33,56,33,12,9,17,50,14,30,30,7,43,44,43,26,12,27,10,9,29
1754012,6,5,4,5,4,18,5,9,26,22,13,19,29,17,27,35,12,11,22,9,18,16,30,18,2,21,25,40,17,29,2
1754013,10,10,13,8,13,12,14,10,10,11,13,3,13,9,4,12,10,8,8,5,8,4,12,19,18,30,27,13,11,14,8
1754014,11,10,16,10,18,13,15,12,18,19,28,17,19,26,20,21,33,36,24,29,30,16,42,59,19,24,58,30,50,39,32
1754016,,,,,1,2,,1,7,8,4,2,8,13,,2,9,8,2,4,6,8,9,29,24,48,37,36,,32,36
1754018,27,32,21,9,12,50,58,17,40,29,30,38,29,58,37,27,18,62,22,57,35,24,50,67,1,38,80,72,37,43,60
1754020,126,91,100,90,106,111,128,74,138,122,147,128,157,195,149,173,114,174,161,198,165,82,203,257,256,132,111,205,137,153,165
1754023,,,,,,,,,,,3,10,3,19,4,7,6,11,8,9,8,1,3,4,3,54,1,6,12,3,4
1754024,,,,,,,3,2,7,10,6,2,8,18,15,18,10,13,17,9,14,5,9,6,12,18,6,24,4,13,7
1754025,13,17,6,6,13,7,6,10,3,6,3,1,5,4,2,1,5,4,6,1,,2,4,6,0,13,,,5,1,1
1754026,17,34,53,57,44,65,22,33,22,9,14,6,18,8,12,14,8,12,17,15,12,13,6,14,20,28,16,18,9,24,36
1754033,,,,,,,1,,1,,,,,,,,1,1,2,,,,,1,,,,,,,
1754035,31,18,20,22,17,20,23,25,23,20,28,17,18,34,15,34,23,22,30,17,22,23,15,29,25,19,22,32,12,14,48
1754037,,,,,,,,,,,,,,,1,,,,,,3,,,1,,,2,2,1,1,
1754039,1,1,,1,,,1,1,1,,1,,,,,,,1,,,,,,3,,1,,,,,
1754040,26,14,20,12,22,8,14,13,15,11,9,20,16,13,15,14,11,4,17,16,6,7,19,29,17,16,16,17,8,14,11
1754041,,,,,,,,,4,2,8,10,13,8,10,24,14,8,18,10,17,9,30,24,45,32,42,14,17,30,23
1754042,,,,3,4,2,7,,3,,4,3,3,3,3,1,3,3,2,3,3,-2,5,6,4,3,6,8,4,3,1
1754044,,,,,,,,,,,,,,,,,,,,,,,2,,4,1,3,1,0,,2
1754045,,,,,,,,,,,,,,,,,,,,,,,,,,,,1,,,
1754046,,,,,,,,,,,,,,,,1,,,,1,,,1,2,1,,1,3,,2,
1754050,,,30,25,15,10,26,14,10,14,13,21,23,22,15,22,23,10,21,18,17,9,26,34,,20,27,26,15,22,20
1754060,6,6,10,2,6,4,3,1,5,3,1,2,5,2,4,6,4,0,4,6,5,1,3,11,8,4,4,10,4,10,1
1754062,6,5,1,1,2,1,10,12,4,1,7,4,1,1,6,2,5,6,4,6,6,3,12,9,11,9,14,2,10,8,2
1754064,10,6,10,4,5,6,10,11,10,14,12,18,30,21,25,29,22,27,24,29,32,18,57,84,16,50,70,73,27,73,45
1754080,9,2,5,4,4,6,5,5,2,,2,4,3,2,1,2,4,2,3,3,6,1,4,5,10,2,6,6,7,9,7
1754200,1,,,,,,,,,,,1,,,,,1,,,,,,,,,,,,,1,
1754204,,,,,,,,,,1,1,1,1,2,,1,,1,,2,1,,1,2,,3,1,3,,,1
1754205,,,1,0,1,2,0,,,2,1,3,1,,2,2,1,1,,1,,,1,3,0,1,2,1,,,3
1754211,,,,,,,,,,,,,,,,,,,,,,,,,,1,,,,1,2
1754690,,,,,,,,,,,,,,,,,,,,,,,,6,,,,,,,
1755135,,,,,,,,,,1,1,,1,2,4,,6,,,1,1,1,3,2,1,,2,,,2,
1755136,,,,,,,,,1,9,2,3,2,2,5,6,4,,1,1,3,2,4,9,1,3,8,6,5,7,2
1755950,,,,,,,,,,,,,,,2,3,1,1,3,,1,1,3,,2,,1,1,,1,1
1755955,,,,,,,2,,,1,,,,,2,2,1,,3,,,2,1,1,,,,3,,,
1755960,,,,,,,,,1,,,,,,1,,,,2,1,,1,3,,3,2,,1,,1,1
1755965,,,,,,,1,2,,,,,,2,,,,,,1,,1,,,,1,,,,,1
1755970,,,,,,,,,,,,,,,,,1,,,,,,,,,,,1,,,
1755971,,,,,,,,,,,,,,,,,,,,,,,,,,,1,,,1,
1755975,,,,,,,,,,,,,,,,,,,5,,0,0,101,31,26,66,121,89,50,65,112
1755976,,,,,,,,,,,,,,,,,,,,,,,1,,1,,1,,,1,1
1755977,,,,,,,,,,,,,,,,,,,,2,,,2,,,,,1,1,1,
1755990,,,,,1,,,,1,,,,,,,1,,,,,,,,,,,,,,,
1755992,,,,,,,,,,,,1,5,4,9,,8,5,1,4,14,,3,17,14,6,19,20,7,26,16
1756022,,,,,,,,,,,,8,6,,3,7,1,8,6,3,12,4,4,3,7,2,6,7,7,3,11
1756023,,,,,,,,,,,,2,1,1,,2,-1,4,1,4,,2,4,,3,2,2,7,,10,8
1756024,,,,,,,,,,,,,,,,2,5,,2,,1,1,3,3,1,,2,3,5,3,1
1756029,,,2,,,,,,,,,,,2,,,,,1,,,1,1,1,2,,4,2,3,5,
1756030,,2,1,2,,,,,,1,,,,,,1,2,,,2,1,,,2,2,3,,,,5,3
1756031,,,1,2,,,2,,3,,3,1,3,4,3,1,5,3,,4,3,5,4,3,9,11,8,3,1,9,6
1756036,,,,,,,,,,,,84,28,26,247,273,39,,,9,43,9,31,5,9,2,1,,,4,
1756037,,,,,,,,,,,,,,,,,201,263,279,91,72,82,39,83,19,73,16,42,37,9,91
1756038,,,83,42,33,16,27,10,26,17,20,33,28,30,40,26,27,28,33,42,19,22,53,90,35,13,44,42,13,32,22
1756040,33,19,23,24,20,29,18,40,31,30,24,37,32,28,38,30,27,17,30,32,23,30,59,48,47,40,59,19,30,31,26
1756045,18,15,17,22,18,10,22,22,18,13,31,20,19,29,15,16,15,19,10,33,15,17,24,39,19,25,26,20,9,22,22
1756055,,,,,,,,,,,,2,1,,,2,1,,,1,,,1,2,,,,,,,1
1756058,,,,,,,,,,,,,,,,,,,1,,,,1,,,,1,,1,,
1756059,,,,,,,,,,,,,,,,,,,,,,,,,,,,1,,,
1756062,,,,,,,,,,,,,,,,,,,,1,,,,1,,1,,,1,,
1756080,,,,,,,,,,,,,,,,,,,,,,,2,,3,1,1,2,,,
1756390,,,,,,,,,,,,,,,,,,,,,,,,,,2,,,1,,1
1756391,,,,,,,,,,,,,,,,,,,,,,,,,,,1,,1,,1
1756392,,,,,,,,,,,,,,,,,,,,,,,1,,2,1,,,2,1,
1756393,,,,,,,,,,,,,,,,,,,,,,,,,,,,,1,,
1756395,,,,,,,,,,,,,,,,,,,,,,,,,5,3,,,,,
1756396,,,,,,,,,,,,,,,,,,,,,,,,,,,1,,,,
1756490,,,,,1,,,,,,,,1,,,,,,1,,,,,,,,1,,,1,
1756492,,,0,,,1,,2,,1,1,,,,1,,1,,,,,1,2,,,,,,1,,
1756498,30,13,22,27,33,14,30,35,48,32,58,75,82,74,42,41,48,74,46,67,38,54,109,108,131,66,73,70,52,117,56
1756499,,,,,,,,,,,,,,,,31,26,21,21,,144,,460,146,104,,,,104,331,28
1756500,153,127,134,136,141,205,203,94,117,171,245,252,342,299,261,289,248,286,300,383,153,288,144,610,350,177,298,169,,329,257
1756502,10,6,10,11,12,9,5,13,19,10,8,18,20,14,15,15,12,12,13,20,10,13,28,26,20,27,18,18,29,6,32
1756504,15,12,13,7,17,10,12,15,12,3,5,8,14,19,7,13,4,7,11,19,8,12,27,24,24,11,28,9,,13,34
1756505,19,12,13,15,14,18,18,18,17,16,22,12,22,26,14,17,18,21,18,25,19,4,30,20,28,21,8,24,14,37,24
1756510,,,,,,,,,,,,,11,9,,,,,,,,,1,,199,443,285,223,,21,153
1756515,,1,,,,,,,,,1,,,,,,,,,1,,,,,,,,,,,
1756700,3,4,6,4,3,4,4,4,7,0,7,5,3,3,3,6,6,6,3,4,4,3,8,9,9,3,4,8,,5,6
1757000,1,,1,,1,,,2,,,1,,1,1,,1,,,,,,1,1,2,2,2,,2,,2,2
1757015,4,,,,,,,,,,,4,10,2,2,5,5,,2,4,1,,,,,2,11,2,,1,2
1757020,10,14,10,11,8,17,18,26,23,12,15,15,6,6,11,6,2,7,8,6,8,3,13,15,8,6,7,10,8,6,7
1757030,10,1,5,7,5,4,6,2,3,6,2,3,4,5,6,11,2,3,10,4,5,4,9,9,12,4,8,6,10,4,4
1757040,2,1,2,1,3,4,2,2,2,1,1,4,1,2,,,1,,1,2,2,-1,4,6,1,5,6,6,3,5,6
1757100,4,0,1,,,3,,2,0,,1,2,4,,,,2,2,,,,,1,,,2,2,1,2,,
1757144,,,,,,,,,,,,,,,,,,,,,,,,,1,,,,,,2
1757145,,,,,,,,1,,,,,,,1,,,,,1,,,,1,,,1,,,,
1757148,,,,,,,,,,,,,,,,,,,,,,,,1,,,,,,,
1757150,3,5,6,3,2,3,2,5,4,2,3,6,3,3,1,3,4,,4,4,2,2,9,11,7,10,8,6,7,2,6
1757152,,1,,,,,2,,,1,1,3,0,2,,,1,,3,2,,,1,1,2,2,4,1,,2,1
1757185,,,,,,,,,,,,,,,,,,,,,,,6,7,4,3,3,6,1,,
1757186,,,,,,,,,,,,,,,,,,,,,,,2,,4,2,1,5,3,3,
1757194,,,,,,,,,,,,,,,,,,,,,,,,,2,1,1,,,,
1757195,,,,,,,,,,,,,,,,3,,,,,,,3,2,4,1,1,,3,2,
1757196,,,,,,,,,,,,,,,,,,,,,,,,,1,,,,,,
1757197,,,,,,,,,,,,,,,,,,,,,,,,3,,,2,,,1,
1757200,51,34,39,32,32,32,47,24,45,22,43,32,37,5,34,27,35,35,19,43,27,9,37,52,27,31,28,11,29,23,23
1757205,59,48,46,42,67,64,36,42,67,91,59,73,50,70,84,66,120,66,36,104,76,70,76,103,111,91,108,60,107,45,62
1757210,16,9,19,9,15,15,34,4,17,22,5,26,5,10,16,22,21,18,3,42,6,7,40,13,17,,10,11,12,33,12
1757215,17,24,20,29,21,16,27,28,39,23,22,14,45,20,56,18,47,39,5,38,6,25,27,35,35,48,18,17,38,18,13
1757220,8,7,11,16,10,4,14,11,18,6,18,7,27,17,32,32,28,24,11,30,19,16,24,16,26,3,6,16,16,8,7
1757225,17,9,9,11,21,,10,20,22,6,2,11,8,11,6,7,19,10,13,11,12,20,9,16,20,19,7,11,3,12,11
1757226,,,2,1,15,,,5,,,7,5,2,10,1,2,1,1,,,16,,1,9,8,5,3,0,3,3,4
1757227,3,1,5,2,5,3,7,6,0,2,8,1,7,2,5,8,8,3,,8,1,10,3,10,3,8,1,,3,3,4
1757228,1,2,1,2,3,5,7,4,3,2,2,13,2,1,7,1,2,3,,3,,3,2,5,2,1,4,,2,2,5
1757272,7,3,3,6,3,4,3,2,4,5,1,3,9,5,5,2,,4,7,8,2,2,6,7,14,8,6,23,1,7,3
1757273,,,,,,,,,,,,,,,,,,,,,,,,,,,,5,,5,14
1757274,,,,,,,,,,,,,,,,,,,,,,,,,,,,2,3,5,
1757275,,,,,,,,,,,,,,,,,,,,,,,,,2,,,,,,
1757285,6,4,2,25,10,,7,1,2,3,4,8,15,5,22,28,15,21,16,7,7,9,14,25,19,3,12,3,7,35,7
1757286,,2,3,,33,77,9,23,6,,4,17,2,25,14,29,9,14,3,19,20,8,28,19,7,31,3,2,27,18,10
1757287,12,4,22,7,92,,90,11,24,2,37,12,15,32,28,34,15,32,48,23,58,13,72,18,30,38,28,10,12,42,31
1757288,8,2,18,2,6,1,13,7,4,5,4,6,7,6,20,3,10,12,4,12,19,8,17,6,26,16,18,7,15,13,11
1757289,,,5,29,5,4,7,15,3,2,3,3,4,10,8,8,9,12,5,19,6,13,19,29,40,63,11,1,52,12,4
1757296,,,,,,,,,,,,,,,,,,,1,2,,1,1,1,0,1,,4,,2,1
1757300,19,40,48,46,24,19,59,18,34,22,14,34,21,15,30,24,12,24,16,36,14,10,28,26,8,13,22,16,,13,39
1757400,8,4,5,15,34,15,12,12,11,24,8,14,21,20,15,23,10,37,19,21,25,43,5,38,28,24,24,35,30,53,17
1757402,11,16,14,15,28,18,16,29,13,44,13,18,10,48,30,14,9,21,19,17,44,4,49,31,14,20,20,12,29,28,12
1758000,6,5,11,2,11,9,6,5,11,13,6,17,19,12,25,26,11,14,23,12,12,16,19,27,31,33,31,24,19,23,14
1758003,,,,,,,,,,,,1,2,2,1,2,3,1,1,,1,1,1,1,1,1,,,0,2,2
1758004,,1,,,,,,,,,,,,1,,,,,,3,,,1,2,1,1,1,,2,,
1758005,,,,,5,4,27,3,25,3,8,12,14,13,8,9,3,23,5,16,10,8,22,9,9,9,4,16,,11,22
1758023,,,,,,,,,,,,,,,,,,1,,2,,1,,,,,,,1,,
1758132,,5,5,21,71,42,56,44,79,65,89,117,75,99,81,88,114,102,80,108,66,100,212,161,203,157,126,239,71,361,200
1758590,125,94,91,93,104,75,90,111,175,169,157,83,122,128,124,121,130,110,88,182,131,60,123,126,93,122,95,90,75,91,78
1758851,2,,10,4,5,4,5,3,3,9,15,11,9,12,5,8,12,20,31,15,10,12,20,18,30,18,20,22,,16,9
1758977,,,,,,,1,1,,,,,,,,,,,,,,,,,,,,,,,
1758978,,,,,,,1,,,,,,,,,,,,,,1,,1,,,0,,,,,
1758979,,,,,,,1,,,,,,1,,,,,,,,1,,,,1,,,,,,
1758981,,,,,,,1,,,,,,,2,,,2,,,1,,1,,2,,,,,,,
1759110,5,2,16,13,19,15,32,15,36,33,15,20,33,45,58,70,59,38,118,70,85,58,75,132,123,89,127,124,40,102,111
1759492,2,1,1,6,3,8,4,6,4,3,15,59,2,6,31,25,2,76,10,29,10,3,11,13,5,13,7,15,7,17,6
1759558,,,,,,,,,,1,1,,,,2,,1,,,,,,,,,,,,,,
1760622,,,,,,,,,,,,,,,,,,,,,2,,,2,3,1,2,1,1,1,2
1771800,,,,,,,,,,,,,,,,,,,,,,,,2,,1,2,1,1,,1
1771805,,,,,,,,,,,,,,,,,,,,,,,,1,5,3,2,,1,,2
