SKU ,Compras ,Ventas
1750007,435.00,398.00
1750008,803.00,703.00
1750009,785.00,674.00
1750010,112.00,102.00
1750012,530.00,450.00
1750014,28.00,118.00
1750015,2052.00,2028.00
1750016,40.00,42.00
1750018,30.00,27.00
1750019,293.00,284.00
1750020,202.00,202.00
1750021,451.00,451.00
1750022,640.00,479.00
1750023,10.00,5.00
1750024,27.00,23.00
1750025,72.00,75.00
1750026,9.00,7.00
1750027,1.00,1.00
1750028,1.00,1.00
1750029,3.00,2.00
1750031,45.00,42.00
1750032,5.00,3.00
1750033,7.00,7.00
1750034,58.00,54.00
1750035,31.00,30.00
1750036,20.00,14.00
1750037,2.00,2.00
1750038,20.00,18.00
1750039,45.00,46.00
1750040,40.00,38.00
1750041,6.00,4.00
1750042,12.00,11.00
1750043,2.00,1.00
1750044,9.00,4.00
1750045,237.00,244.00
1750046,219.00,221.00
1750047,295.00,244.00
1750048,772.00,756.00
1750049,2251.00,2134.00
1750051,50.00,50.00
1750052,52.00,52.00
1750053,14.00,11.00
1750054,11.00,8.00
1750055,1.00,2.00
1750057,4.00,2.00
1750059,58.00,44.00
1750060,336.00,339.00
1750061,3.00,2.00
1750062,53.00,63.00
1750063,6.00,4.00
1750064,318.00,296.00
1750065,131.00,131.00
1750066,256.00,256.00
1750067,780.00,778.00
1750068,1234.00,1234.00
1750069,861.00,861.00
1750072,195.00,177.00
1750075,13.00,13.00
1750077,264.00,239.00
1750078,285.00,292.00
1750089,10.00,6.00
1750090,30.00,24.00
1750094,23.00,23.00
1750095,444.00,476.00
1750096,26.00,12.00
1750098,5378.00,5198.00
1750100,1593.00,1527.00
1750120,2302.00,2263.00
1750122,283.00,266.00
1750124,16.00,14.00
1750139,664.00,656.00
1750140,4419.00,4225.00
1750142,1183.00,1160.00
1750143,180.00,180.00
1750145,260.00,275.00
1750150,325.00,340.00
1750155,25.00,30.00
1750160,265.00,255.00
1750184,11.00,11.00
1750185,5.00,2.00
1750186,9.00,9.00
1750191,8.00,8.00
1750192,2.00,1.00
1750193,15.00,9.00
1750194,42.00,38.00
1750195,12.00,12.00
1750196,10.00,8.00
1750197,94.00,86.00
1750199,11.00,7.00
1750200,195.00,187.00
1750202,45.00,47.00
1750205,12.00,12.00
1750206,3.00,2.00
1750207,4.00,2.00
1750210,3.00,2.00
1750212,7.00,4.00
1750225,131.00,123.00
1750227,52.00,51.00
1750228,331.00,330.00
1750229,267.00,264.00
1750230,56.00,50.00
1750231,43.00,35.00
1750232,7.00,4.00
1750233,21.00,18.00
1750234,35.00,34.00
1750235,20.00,17.00
1750236,471.00,447.00
1750237,179.00,169.00
1750238,175.00,161.00
1750239,143.00,126.00
1750240,60.00,35.00
1750241,54.00,48.00
1750242,138.00,138.00
1750243,27.00,24.00
1750244,5.00,2.00
1750245,240.00,212.00
1750248,1261.00,1265.00
1750249,165.00,104.00
1750250,14384.00,13680.00
1750252,6585.00,6526.00
1750254,12638.00,11880.00
1750256,9656.00,9201.00
1750258,2960.00,2787.00
1750260,1041.00,970.00
1750262,681.00,631.00
1750272,1113.00,1063.00
1750274,1068.00,996.00
1750276,2953.00,2853.00
1750278,4276.00,4079.00
1750280,1894.00,1807.00
1750282,1379.00,1370.00
1750284,427.00,393.00
1750290,262.00,156.00
1750291,198.00,190.00
1750292,9.00,8.00
1750293,12.00,9.00
1750294,10.00,7.00
1750295,490.00,548.00
1750296,14.00,12.00
1750297,9.00,8.00
1750298,50.00,50.00
1750299,33.00,34.00
1750300,2253.00,2223.00
1750301,611.00,608.00
1750302,175.00,185.00
1750303,3.00,1.00
1750304,6.00,5.00
1750306,7.00,5.00
1750307,8.00,6.00
1750308,3.00,1.00
1750310,7.00,7.00
1750311,2.00,1.00
1750312,174.00,168.00
1750313,3.00,1.00
1750314,32.00,32.00
1750315,13.00,11.00
1750316,5.00,5.00
1750320,40.00,42.00
1750322,64.00,66.00
1750324,26.00,24.00
1750325,14.00,16.00
1750326,31.00,29.00
1750327,17.00,21.00
1750328,31.00,35.00
1750350,86.00,81.00
1750370,42.00,42.00
1750378,148.00,169.00
1750380,117.00,112.00
1750385,144.00,154.00
1750390,118.00,129.00
1750400,1219.00,1153.00
1750402,97.00,103.00
1750404,15.00,11.00
1750406,564.00,568.00
1750408,256.00,238.00
1750410,348.00,342.00
1750412,220.00,203.00
1750416,157.00,152.00
1750418,258.00,232.00
1750420,212.00,198.00
1750422,367.00,327.00
1750424,86.00,81.00
1750426,45.00,44.00
1750428,52.00,54.00
1750430,11.00,14.00
1750432,18.00,18.00
1750434,13.00,16.00
1750439,13.00,9.00
1750440,26.00,16.00
1750441,21.00,15.00
1750442,45.00,40.00
1750443,32.00,25.00
1750444,57.00,53.00
1750446,164.00,156.00
1750448,27.00,25.00
1750450,23.00,17.00
1750452,36.00,35.00
1750460,57.00,48.00
1750461,123.00,105.00
1750470,923.00,802.00
1750471,720.00,718.00
1750472,668.00,667.00
1750476,154.00,142.00
1750477,213.00,187.00
1750486,12.00,5.00
1750488,6.00,2.00
1750489,46.00,33.00
1750491,19.00,18.00
1750492,112.00,101.00
1750493,66.00,56.00
1750494,33.00,30.00
1750495,42.00,41.00
1750496,17.00,4.00
1750499,5.00,7.00
1750505,1623.00,1605.00
1750506,1150.00,1123.00
1750508,242.00,246.00
1750520,238.00,237.00
1750525,59.00,60.00
1750540,507.00,506.00
1750542,7202.00,7057.00
1750543,155.00,172.00
1750544,6799.00,6787.00
1750545,333.00,335.00
1750548,1252.00,1241.00
1750555,102.00,100.00
1750560,48.00,48.00
1750561,20.00,18.00
1750562,15.00,12.00
1750563,17.00,12.00
1750564,20.00,14.00
1750565,20.00,11.00
1750570,27.00,24.00
1750575,41.00,36.00
1750577,10.00,2.00
1750578,25.00,18.00
1750579,57.00,51.00
1750580,373.00,341.00
1750582,212.00,200.00
1750584,98.00,94.00
1750586,38.00,43.00
1750588,147.00,138.00
1750590,2257.00,2139.00
1750591,46.00,27.00
1750592,3262.00,3060.00
1750593,491.00,425.00
1750594,1054.00,995.00
1750595,483.00,464.00
1750597,258.00,244.00
1750598,19.00,14.00
1750599,344.00,364.00
1750600,5.00,4.00
1750640,3.00,1.00
1750641,2.00,2.00
1750643,2.00,2.00
1750645,2.00,2.00
1750650,9.00,6.00
1750654,28.00,21.00
1750655,51.00,47.00
1750656,9.00,9.00
1750660,8.00,10.00
1750670,2.00,1.00
1750675,8.00,1.00
1750690,3045.00,2860.00
1750695,320.00,276.00
1750705,111.00,110.00
1750710,418.00,402.00
1750714,1125.00,1045.00
1750715,354.00,335.00
1750716,254.00,135.00
1750720,263.00,223.00
1750750,6.00,5.00
1750752,1.00,1.00
1750760,165.00,145.00
1750762,67.00,57.00
1750775,15.00,15.00
1750778,277.00,274.00
1750785,121.00,110.00
1750786,200.00,195.00
1750787,661.00,612.00
1750788,451.00,320.00
1750790,15.00,15.00
1750800,114.00,114.00
1750810,232.00,212.00
1750875,939.00,837.00
1750880,735.00,622.00
1750885,407.00,404.00
1750890,197.00,205.00
1750895,145.00,132.00
1750910,56.00,43.00
1750912,99.00,86.00
1750918,100.00,27.00
1750920,1245.00,1116.00
1750921,2420.00,2007.00
1750926,100.00,96.00
1750927,113.00,104.00
1750930,1211.00,1170.00
1750940,4349.00,4104.00
1750943,15921.00,14195.00
1750952,7387.00,6809.00
1750953,7530.00,5022.00
1750954,67129.00,63601.00
1750956,19525.00,18725.00
1750958,7854.00,7301.00
1750960,14611.00,13587.00
1750962,4950.00,4233.00
1750970,22408.00,21930.00
1750973,35129.00,33293.00
1750974,3603.00,3380.00
1750975,25596.00,25361.00
1750976,36166.00,34408.00
1750978,4003.00,4103.00
1750979,14920.00,14753.00
1750980,23273.00,22535.00
1750981,1310.00,1212.00
1750982,10264.00,10377.00
1750983,874.00,667.00
1750986,1000.00,685.00
1750988,7526.00,7024.00
1750990,10821.00,10853.00
1750992,1950.00,1523.00
1750994,703.00,747.00
1750995,115.00,161.00
1750996,1351.00,1407.00
1750998,215.00,338.00
1750999,170.00,217.00
1751000,144.00,220.00
1751001,5427.00,5072.00
1751002,50.00,108.00
1751005,26744.00,26835.00
1751006,3166.00,2883.00
1751015,200.00,200.00
1751017,100.00,100.00
1751019,300.00,300.00
1751021,100.00,97.00
1751027,50.00,44.00
1751030,20.00,15.00
1751032,6.00,3.00
1751045,15.00,14.00
1751047,5.00,7.00
1751049,263.00,230.00
1751050,3290.00,3213.00
1751052,971.00,969.00
1751055,816.00,798.00
1751057,207.00,185.00
1751060,3966.00,3896.00
1751062,350.00,363.00
1751065,697.00,717.00
1751080,4.00,6.00
1751085,3.00,3.00
1751090,24.00,24.00
1751095,4.00,3.00
1751100,3.00,5.00
1751110,3.00,3.00
1751120,12.00,11.00
1751124,720.00,694.00
1751125,299.00,248.00
1751129,1411.00,1285.00
1751130,2273.00,2090.00
1751131,4581.00,4324.00
1751132,22089.00,20959.00
1751134,742.00,725.00
1751136,11644.00,10745.00
1751138,1032.00,937.00
1751140,18804.00,17507.00
1751142,2614.00,2562.00
1751144,7761.00,7155.00
1751146,2550.00,2431.00
1751148,1074.00,953.00
1751150,525.00,492.00
1751152,542.00,506.00
1751154,282.00,242.00
1751170,1749.00,1225.00
1751172,1158.00,708.00
1751174,4531.00,4022.00
1751176,1210.00,1123.00
1751178,23854.00,23987.00
1751180,3898.00,2985.00
1751182,6015.00,6060.00
1751184,1628.00,1337.00
1751186,15424.00,15307.00
1751188,2167.00,2074.00
1751190,1875.00,1762.00
1751192,475.00,244.00
1751194,14433.00,14520.00
1751196,552.00,258.00
1751198,754.00,451.00
1751200,463.00,250.00
1751202,5207.00,5058.00
1751204,234.00,108.00
1751206,362.00,321.00
1751208,359.00,114.00
1751210,11124.00,10768.00
1751212,237.00,209.00
1751214,176.00,34.00
1751216,209.00,128.00
1751218,1545.00,1444.00
1751220,218.00,60.00
1751222,372.00,121.00
1751224,12.00,16.00
1751226,6496.00,6535.00
1751240,111.00,111.00
1751242,102.00,85.00
1751244,420.00,536.00
1751246,65.00,81.00
1751248,2445.00,3446.00
1751250,791.00,831.00
1751252,704.00,690.00
1751254,122.00,154.00
1751256,2760.00,2995.00
1751258,1911.00,1805.00
1751260,309.00,324.00
1751262,51.00,68.00
1751264,5356.00,5502.00
1751266,168.00,182.00
1751268,25.00,47.00
1751270,12.00,134.00
1751272,1880.00,1794.00
1751274,47.00,87.00
1751276,19.00,38.00
1751278,10.00,48.00
1751280,2171.00,2311.00
1751284,15.00,37.00
1751286,29.00,53.00
1751288,235.00,283.00
1751290,8.00,28.00
1751292,6.00,17.00
1751294,13.00,27.00
1751295,516.00,595.00
1751296,4.00,6.00
1751298,214.00,212.00
1751299,4.00,2.00
1751300,39.00,41.00
1751302,3.00,7.00
1751303,36.00,35.00
1751304,30.00,30.00
1751307,2.00,4.00
1751308,9.00,9.00
1751309,1.00,1.00
1751310,1.00,0.00
1751328,3.00,1.00
1751330,28.00,27.00
1751331,5.00,4.00
1751344,80.00,77.00
1751345,42.00,39.00
1751346,2.00,1.00
1751350,45.00,45.00
1751355,75.00,76.00
1751400,10.00,10.00
1751490,200.00,184.00
1751495,13.00,15.00
1751498,8.00,5.00
1751500,220.00,199.00
1751800,281.00,282.00
1751805,176.00,171.00
1751874,81.00,68.00
1751875,6.00,6.00
1751876,20.00,9.00
1751877,10.00,9.00
1751878,5.00,3.00
1751980,58.00,59.00
1751981,45.00,45.00
1751982,21.00,20.00
1751984,6.00,8.00
1751986,6.00,6.00
1751987,20.00,20.00
1751988,40.00,12.00
1751989,25.00,3.00
1751997,90.00,82.00
1751998,366.00,375.00
1751999,218.00,237.00
1752000,265.00,230.00
1752005,31.00,35.00
1752007,3.00,1.00
1752008,5.00,5.00
1752020,11.00,8.00
1752035,666.00,656.00
1752038,1176.00,1125.00
1752040,107.00,105.00
1752045,15.00,12.00
1752058,33.00,37.00
1752060,900.00,903.00
1752062,48.00,44.00
1752066,832.00,825.00
1752075,2.00,1.00
1752080,36.00,34.00
1752090,3.00,2.00
1752092,2.00,1.00
1752093,1.00,1.00
1752100,393.00,399.00
1752105,1416.00,1287.00
1752110,856.00,869.00
1752115,2018.00,1940.00
1752120,913.00,840.00
1752125,1267.00,1216.00
1752130,1102.00,1135.00
1752135,505.00,552.00
1752140,1278.00,1220.00
1752142,809.00,816.00
1752145,369.00,324.00
1752150,825.00,845.00
1752155,184.00,200.00
1752160,599.00,567.00
1752165,388.00,382.00
1752170,492.00,480.00
1752180,257.00,223.00
1752181,301.00,219.00
1752182,1581.00,1439.00
1752183,1256.00,1085.00
1752185,326.00,274.00
1752195,2315.00,2166.00
1752196,3007.00,2896.00
1752197,40.00,56.00
1752198,89.00,105.00
1752200,603.00,858.00
1752205,2327.00,2482.00
1752210,3017.00,3322.00
1752215,1042.00,1237.00
1752220,3090.00,3066.00
1752222,751.00,685.00
1752223,238.00,266.00
1752225,2000.00,2195.00
1752230,593.00,670.00
1752235,316.00,443.00
1752300,32.00,19.00
1752302,75.00,63.00
1752303,119.00,104.00
1752305,159.00,139.00
1752307,79.00,64.00
1752308,16.00,10.00
1752311,51.00,45.00
1752320,7.00,5.00
1752324,12.00,4.00
1752490,961.00,999.00
1752500,5254.00,5527.00
1752502,239.00,262.00
1752505,60.00,60.00
1752507,6.00,6.00
1752510,225.00,218.00
1752550,71.00,70.00
1753001,122.00,120.00
1753002,137.00,129.00
1753220,67.00,67.00
1753222,76.00,72.00
1753224,70.00,70.00
1753250,24.00,27.00
1753260,9.00,6.00
1753262,4.00,4.00
1753265,1.00,2.00
1753267,1.00,1.00
1753270,22.00,25.00
1753280,9.00,11.00
1753285,2.00,3.00
1753300,21.00,24.00
1753302,1.00,1.00
1753304,3.00,3.00
1753360,59.00,51.00
1753362,88.00,84.00
1753364,36.00,31.00
1753395,12.00,12.00
1753400,2.00,2.00
1753495,1336.00,1366.00
1753500,3592.00,3471.00
1753930,106.00,45.00
1753944,27.00,27.00
1753945,27.00,27.00
1753948,3.00,3.00
1753950,6.00,5.00
1753951,1.00,1.00
1753952,107.00,47.00
1753953,202.00,195.00
1753954,7.00,4.00
1753955,2.00,1.00
1753956,1.00,0.00
1753957,38.00,30.00
1753958,1.00,1.00
1753962,22.00,16.00
1753965,8.00,8.00
1753966,11.00,11.00
1753967,1.00,1.00
1753968,1.00,1.00
1753974,3.00,3.00
1753975,1.00,1.00
1753976,1.00,1.00
1753981,2.00,1.00
1753990,1.00,1.00
1753991,2.00,1.00
1753996,12.00,7.00
1753997,17.00,16.00
1753998,37.00,37.00
1753999,22.00,22.00
1754000,310.00,313.00
1754001,98.00,87.00
1754002,600.00,535.00
1754003,45.00,42.00
1754004,172.00,168.00
1754005,7991.00,7884.00
1754006,133.00,276.00
1754007,164.00,158.00
1754008,215.00,213.00
1754009,474.00,491.00
1754010,100.00,100.00
1754011,641.00,641.00
1754012,514.00,516.00
1754013,362.00,357.00
1754014,834.00,783.00
1754015,216.00,253.00
1754016,388.00,321.00
1754017,217.00,217.00
1754018,1166.00,1160.00
1754020,4569.00,4501.00
1754021,4.00,4.00
1754022,165.00,143.00
1754023,200.00,178.00
1754024,288.00,253.00
1754025,141.00,150.00
1754026,650.00,671.00
1754033,5.00,7.00
1754035,681.00,701.00
1754037,16.00,11.00
1754038,4.00,2.00
1754039,11.00,12.00
1754040,440.00,447.00
1754041,440.00,401.00
1754042,104.00,88.00
1754044,20.00,13.00
1754045,3.00,1.00
1754046,13.00,12.00
1754050,579.00,540.00
1754060,149.00,141.00
1754062,171.00,171.00
1754064,896.00,838.00
1754080,122.00,130.00
1754100,17.00,16.00
1754105,11.00,10.00
1754200,4.00,4.00
1754204,25.00,22.00
1754205,28.00,29.00
1754211,4.00,4.00
1754336,4.00,2.00
1754339,2.00,1.00
1754340,2.00,1.00
1754341,2.00,1.00
1754342,2.00,1.00
1754343,2.00,1.00
1754346,1.00,1.00
1754350,3.00,1.00
1754352,2.00,1.00
1754353,9.00,3.00
1754354,8.00,2.00
1754355,2.00,1.00
1754356,2.00,1.00
1754357,2.00,1.00
1754360,2.00,1.00
1754361,2.00,1.00
1754362,2.00,1.00
1754363,2.00,1.00
1754365,11.00,6.00
1754366,2.00,1.00
1754369,4.00,1.00
1754372,4.00,1.00
1754374,2.00,1.00
1754375,4.00,1.00
1754376,4.00,1.00
1754377,2.00,1.00
1754381,2.00,1.00
1754385,2.00,1.00
1754389,2.00,1.00
1754398,5.00,1.00
1754403,6.00,2.00
1754404,7.00,2.00
1754405,3.00,2.00
1754409,2.00,1.00
1754412,6.00,1.00
1754414,6.00,2.00
1754415,5.00,2.00
1754416,8.00,4.00
1754417,3.00,1.00
1754421,4.00,2.00
1754423,4.00,2.00
1754424,2.00,1.00
1754428,6.00,2.00
1754429,7.00,2.00
1754432,7.00,3.00
1754433,6.00,2.00
1754434,3.00,0.00
1754435,5.00,1.00
1754436,4.00,1.00
1754437,4.00,2.00
1754438,5.00,2.00
1754445,6.00,2.00
1754446,6.00,2.00
1754447,3.00,1.00
1754450,5.00,2.00
1754451,3.00,1.00
1754454,6.00,3.00
1754455,2.00,1.00
1754456,11.00,5.00
1754460,2.00,1.00
1754461,2.00,1.00
1754463,5.00,2.00
1754464,5.00,2.00
1754465,3.00,1.00
1754467,6.00,3.00
1754468,4.00,2.00
1754469,5.00,3.00
1754470,3.00,1.00
1754472,2.00,1.00
1754473,2.00,1.00
1754474,2.00,1.00
1754475,2.00,1.00
1754476,3.00,2.00
1754477,2.00,1.00
1754478,5.00,2.00
1754479,5.00,2.00
1754480,2.00,1.00
1754481,2.00,1.00
1754483,3.00,1.00
1754484,3.00,1.00
1754485,10.00,6.00
1754486,2.00,1.00
1754487,2.00,2.00
1754489,4.00,2.00
1754490,3.00,2.00
1754491,16.00,9.00
1754492,8.00,4.00
1754493,3.00,1.00
1754494,4.00,2.00
1754495,4.00,2.00
1754496,5.00,2.00
1754497,7.00,3.00
1754498,3.00,1.00
1754499,3.00,1.00
1754500,3.00,2.00
1754505,3.00,1.00
1754509,6.00,1.00
1754510,6.00,1.00
1754511,2.00,1.00
1754512,2.00,1.00
1754514,4.00,3.00
1754515,9.00,5.00
1754516,2.00,1.00
1754517,2.00,1.00
1754518,1.00,1.00
1754519,2.00,1.00
1754520,2.00,1.00
1754524,6.00,2.00
1754527,4.00,1.00
1754531,5.00,2.00
1754532,4.00,1.00
1754534,11.00,4.00
1754535,23.00,12.00
1754536,3.00,1.00
1754538,4.00,2.00
1754539,4.00,2.00
1754542,4.00,1.00
1754544,2.00,0.00
1754545,2.00,1.00
1754546,4.00,2.00
1754547,4.00,3.00
1754549,5.00,2.00
1754550,2.00,1.00
1754551,2.00,1.00
1754552,2.00,1.00
1754553,31.00,25.00
1754554,8.00,5.00
1754555,11.00,11.00
1754556,5.00,3.00
1754557,11.00,7.00
1754558,5.00,3.00
1754559,4.00,2.00
1754560,2.00,1.00
1754561,3.00,2.00
1754562,18.00,8.00
1754563,7.00,4.00
1754564,4.00,1.00
1754565,4.00,2.00
1754566,2.00,1.00
1754567,2.00,1.00
1754568,4.00,1.00
1754569,8.00,4.00
1754570,3.00,1.00
1754571,9.00,5.00
1754572,2.00,1.00
1754573,2.00,1.00
1754574,2.00,1.00
1754575,2.00,1.00
1754576,4.00,1.00
1754577,3.00,1.00
1754579,2.00,1.00
1754580,8.00,2.00
1754581,10.00,6.00
1754582,6.00,6.00
1754583,2.00,1.00
1754584,6.00,4.00
1754585,2.00,1.00
1754586,10.00,7.00
1754587,6.00,3.00
1754588,12.00,6.00
1754589,5.00,4.00
1754590,6.00,6.00
1754591,3.00,1.00
1754592,3.00,1.00
1754593,3.00,1.00
1754594,3.00,1.00
1754595,3.00,1.00
1754596,5.00,2.00
1754597,3.00,1.00
1754598,3.00,1.00
1754601,6.00,3.00
1754602,4.00,3.00
1754603,2.00,2.00
1754604,15.00,8.00
1754606,3.00,2.00
1754607,5.00,3.00
1754608,4.00,2.00
1754609,2.00,1.00
1754610,5.00,5.00
1754611,3.00,2.00
1754612,4.00,2.00
1754613,3.00,2.00
1754614,4.00,1.00
1754615,3.00,1.00
1754616,3.00,1.00
1754618,3.00,1.00
1754619,3.00,1.00
1754620,3.00,1.00
1754621,3.00,1.00
1754622,6.00,4.00
1754623,8.00,1.00
1754624,12.00,7.00
1754625,15.00,9.00
1754626,2.00,1.00
1754627,5.00,4.00
1754628,2.00,1.00
1754629,2.00,1.00
1754630,21.00,17.00
1754631,40.00,26.00
1754632,2.00,1.00
1754633,5.00,3.00
1754634,8.00,4.00
1754635,4.00,3.00
1754636,4.00,2.00
1754637,4.00,2.00
1754638,6.00,3.00
1754642,140.00,116.00
1754643,3.00,1.00
1754644,2.00,1.00
1754646,3.00,1.00
1754647,3.00,1.00
1754648,3.00,1.00
1754649,1.00,1.00
1754650,2.00,1.00
1754653,5.00,1.00
1754654,11.00,7.00
1754655,4.00,3.00
1754656,3.00,3.00
1754658,16.00,13.00
1754659,3.00,2.00
1754660,14.00,10.00
1754664,4.00,1.00
1754665,3.00,1.00
1754666,3.00,2.00
1754667,5.00,1.00
1754668,2.00,2.00
1754670,2.00,1.00
1754671,2.00,1.00
1754672,2.00,1.00
1754673,20.00,12.00
1754674,6.00,4.00
1754675,3.00,2.00
1754676,5.00,1.00
1754677,4.00,2.00
1754678,4.00,3.00
1754679,2.00,1.00
1754680,7.00,4.00
1754681,3.00,1.00
1754682,3.00,2.00
1754683,4.00,2.00
1754684,6.00,1.00
1754686,6.00,4.00
1754687,4.00,2.00
1754689,3.00,2.00
1754690,12.00,6.00
1754694,6.00,5.00
1754695,20.00,15.00
1754696,4.00,2.00
1754697,6.00,3.00
1754698,4.00,2.00
1754699,11.00,8.00
1754700,2.00,1.00
1754701,5.00,3.00
1754702,5.00,4.00
1754703,5.00,3.00
1754704,2.00,1.00
1754705,10.00,6.00
1754706,4.00,2.00
1754707,30.00,5.00
1754708,38.00,24.00
1754709,6.00,2.00
1754710,10.00,8.00
1754711,11.00,7.00
1754712,6.00,5.00
1754713,6.00,2.00
1754714,13.00,8.00
1754715,13.00,9.00
1754716,12.00,3.00
1754717,36.00,23.00
1754718,20.00,2.00
1754719,21.00,4.00
1754720,10.00,3.00
1754721,21.00,17.00
1754722,289.00,265.00
1754723,227.00,208.00
1754724,25.00,20.00
1754725,24.00,19.00
1754728,65.00,41.00
1754729,4.00,3.00
1754730,25.00,25.00
1754731,34.00,30.00
1754732,39.00,37.00
1754734,14.00,6.00
1754735,121.00,106.00
1754736,10.00,1.00
1754737,18.00,13.00
1754738,10.00,4.00
1754739,10.00,2.00
1754740,15.00,11.00
1754742,6.00,1.00
1754743,5.00,3.00
1754745,6.00,3.00
1754746,3.00,1.00
1754747,6.00,4.00
1754748,20.00,20.00
1754749,7.00,4.00
1754750,2.00,1.00
1754751,6.00,2.00
1754752,19.00,12.00
1754753,5.00,4.00
1754754,3.00,3.00
1754755,12.00,9.00
1754756,14.00,12.00
1754757,53.00,47.00
1754758,16.00,15.00
1754759,310.00,264.00
1754760,12.00,10.00
1754761,6.00,2.00
1754762,8.00,1.00
1754763,8.00,8.00
1754764,5.00,3.00
1754765,173.00,162.00
1754766,87.00,77.00
1754767,9.00,4.00
1754768,115.00,94.00
1754769,7.00,5.00
1754771,6.00,3.00
1754772,9.00,8.00
1754773,9.00,8.00
1754774,38.00,32.00
1754775,188.00,178.00
1754776,18.00,12.00
1754777,48.00,33.00
1754778,11.00,7.00
1754779,26.00,26.00
1754780,12.00,11.00
1754781,19.00,11.00
1754782,36.00,30.00
1754783,77.00,63.00
1754784,39.00,39.00
1754785,6.00,3.00
1754786,23.00,20.00
1754787,7.00,1.00
1754788,25.00,20.00
1754789,4.00,2.00
1754790,6.00,3.00
1754791,2.00,2.00
1754792,18.00,15.00
1754793,5.00,1.00
1754794,3.00,1.00
1754795,21.00,2.00
1754796,20.00,7.00
1754797,289.00,256.00
1754798,18.00,3.00
1754799,13.00,4.00
1754800,10.00,2.00
1754801,11.00,5.00
1754802,19.00,2.00
1754803,5.00,2.00
1754805,5.00,2.00
1754806,3.00,2.00
1754807,8.00,6.00
1754809,248.00,248.00
1754810,50.00,40.00
1754811,10.00,2.00
1754812,33.00,28.00
1754813,189.00,189.00
1754814,15.00,12.00
1754815,185.00,177.00
1754816,31.00,13.00
1754817,10.00,1.00
1754818,13.00,1.00
1754819,6.00,4.00
1754820,9.00,5.00
1754821,163.00,144.00
1754822,203.00,175.00
1754823,352.00,293.00
1754824,37.00,30.00
1754825,12.00,8.00
1754826,28.00,19.00
1754827,13.00,12.00
1754828,19.00,12.00
1754831,36.00,26.00
1754832,12.00,5.00
1754833,12.00,4.00
1754834,45.00,33.00
1754835,17.00,13.00
1754836,14.00,2.00
1754837,28.00,17.00
1754838,5.00,3.00
1754839,12.00,8.00
1754840,31.00,17.00
1754841,27.00,21.00
1754842,23.00,18.00
1754843,20.00,14.00
1754845,15.00,7.00
1754846,15.00,11.00
1754847,15.00,4.00
1754850,20.00,18.00
1754851,18.00,11.00
1754852,16.00,7.00
1754853,10.00,1.00
1754854,58.00,50.00
1754855,19.00,11.00
1754856,10.00,9.00
1754858,7.00,5.00
1754859,8.00,6.00
1754860,8.00,6.00
1754861,5.00,2.00
1754862,12.00,8.00
1754864,25.00,20.00
1754865,12.00,7.00
1754866,24.00,22.00
1754867,12.00,1.00
1754868,7.00,3.00
1754869,27.00,21.00
1754871,7.00,3.00
1754872,13.00,3.00
1754873,266.00,209.00
1754874,13.00,3.00
1754875,19.00,7.00
1754876,20.00,6.00
1754877,7.00,5.00
1754878,7.00,5.00
1754879,124.00,107.00
1754880,7.00,7.00
1754881,6.00,2.00
1754882,8.00,5.00
1754883,12.00,1.00
1754884,6.00,1.00
1754885,20.00,14.00
1754886,5.00,1.00
1754887,10.00,1.00
1754888,13.00,6.00
1754889,12.00,1.00
1754890,12.00,4.00
1754891,12.00,4.00
1754892,22.00,16.00
1754893,12.00,4.00
1754894,6.00,1.00
1754895,6.00,1.00
1754896,5.00,3.00
1754897,3.00,1.00
1754898,5.00,1.00
1754899,4.00,3.00
1754900,8.00,4.00
1754901,16.00,14.00
1754902,6.00,1.00
1754904,13.00,4.00
1754905,7.00,4.00
1754906,8.00,4.00
1754907,6.00,3.00
1754908,6.00,1.00
1754910,14.00,14.00
1754911,17.00,13.00
1754912,7.00,3.00
1754913,12.00,3.00
1754914,12.00,4.00
1754915,79.00,60.00
1754916,15.00,11.00
1754917,7.00,3.00
1754918,26.00,24.00
1754919,20.00,14.00
1754920,12.00,2.00
1754921,13.00,7.00
1754922,10.00,8.00
1754923,20.00,16.00
1754924,17.00,13.00
1754925,6.00,5.00
1754926,8.00,7.00
1754927,12.00,3.00
1754928,7.00,1.00
1754929,6.00,1.00
1754931,6.00,3.00
1754934,7.00,5.00
1754935,5.00,3.00
1754936,5.00,2.00
1754938,12.00,5.00
1754939,5.00,1.00
1754940,6.00,3.00
1754941,10.00,10.00
1754943,15.00,10.00
1754944,4.00,3.00
1754945,321.00,280.00
1754946,22.00,15.00
1754947,26.00,25.00
1754948,24.00,21.00
1754949,14.00,11.00
1754950,5.00,3.00
1754951,2.00,1.00
1754952,16.00,12.00
1754953,39.00,34.00
1754954,3.00,1.00
1754955,68.00,62.00
1754956,41.00,33.00
1754957,43.00,41.00
1754958,56.00,41.00
1754959,34.00,29.00
1754960,262.00,204.00
1754961,7.00,5.00
1754962,13.00,9.00
1754963,8.00,8.00
1754964,3.00,3.00
1754965,17.00,9.00
1754966,6.00,3.00
1754967,6.00,1.00
1754968,3.00,1.00
1754969,7.00,2.00
1754970,28.00,20.00
1754971,73.00,56.00
1754972,3.00,2.00
1754974,4.00,3.00
1754975,4.00,3.00
1754976,2.00,1.00
1754977,2.00,1.00
1754978,6.00,1.00
1754979,14.00,12.00
1754980,12.00,9.00
1754981,17.00,13.00
1754982,12.00,9.00
1754983,12.00,12.00
1754984,7.00,6.00
1754985,12.00,10.00
1754986,5.00,3.00
1754988,4.00,1.00
1754989,4.00,1.00
1754990,4.00,1.00
1754992,8.00,7.00
1754993,4.00,3.00
1754994,67.00,55.00
1754995,20.00,13.00
1754996,47.00,36.00
1754997,33.00,22.00
1754998,4.00,1.00
1755000,68.00,53.00
1755001,14.00,8.00
1755003,4.00,2.00
1755004,7.00,1.00
1755005,95.00,85.00
1755006,4.00,2.00
1755009,3.00,2.00
1755010,8.00,6.00
1755011,4.00,1.00
1755012,5.00,2.00
1755014,11.00,7.00
1755015,9.00,7.00
1755016,6.00,4.00
1755017,5.00,4.00
1755019,504.00,472.00
1755021,4.00,3.00
1755022,41.00,39.00
1755025,20.00,14.00
1755026,6.00,5.00
1755027,4.00,1.00
1755029,7.00,2.00
1755030,10.00,6.00
1755031,3.00,1.00
1755032,13.00,9.00
1755033,13.00,10.00
1755034,11.00,10.00
1755035,20.00,15.00
1755036,8.00,4.00
1755037,13.00,9.00
1755038,36.00,32.00
1755039,15.00,10.00
1755040,2.00,1.00
1755043,16.00,14.00
1755044,24.00,19.00
1755045,4.00,1.00
1755046,9.00,5.00
1755051,6.00,4.00
1755053,4.00,1.00
1755055,4.00,1.00
1755056,5.00,1.00
1755057,15.00,10.00
1755058,8.00,1.00
1755059,10.00,6.00
1755060,4.00,3.00
1755061,8.00,4.00
1755062,4.00,2.00
1755063,7.00,7.00
1755066,3.00,1.00
1755068,11.00,10.00
1755071,2.00,1.00
1755072,20.00,12.00
1755075,5.00,4.00
1755076,321.00,311.00
1755077,8.00,3.00
1755078,3.00,3.00
1755079,22.00,18.00
1755080,2.00,1.00
1755081,8.00,3.00
1755082,9.00,4.00
1755083,6.00,1.00
1755084,57.00,57.00
1755085,42.00,37.00
1755086,10.00,7.00
1755087,31.00,28.00
1755088,8.00,4.00
1755089,2.00,1.00
1755090,25.00,18.00
1755091,18.00,16.00
1755092,6.00,4.00
1755093,27.00,24.00
1755094,22.00,17.00
1755095,28.00,24.00
1755096,38.00,35.00
1755098,3.00,1.00
1755099,130.00,120.00
1755100,9.00,5.00
1755101,3.00,1.00
1755102,14.00,13.00
1755103,14.00,10.00
1755104,15.00,11.00
1755105,7.00,4.00
1755107,5.00,2.00
1755108,7.00,4.00
1755109,5.00,2.00
1755110,34.00,29.00
1755111,12.00,9.00
1755115,37.00,31.00
1755116,7.00,5.00
1755117,6.00,3.00
1755118,6.00,2.00
1755119,14.00,6.00
1755120,6.00,2.00
1755121,25.00,13.00
1755124,38.00,30.00
1755125,9.00,5.00
1755126,4.00,2.00
1755127,6.00,2.00
1755129,6.00,4.00
1755130,254.00,230.00
1755131,146.00,129.00
1755132,39.00,34.00
1755134,219.00,181.00
1755135,28.00,28.00
1755136,87.00,86.00
1755138,5.00,3.00
1755139,4.00,3.00
1755140,5.00,3.00
1755141,16.00,12.00
1755142,7.00,4.00
1755144,11.00,8.00
1755145,44.00,14.00
1755146,9.00,6.00
1755147,4.00,1.00
1755148,4.00,2.00
1755149,11.00,10.00
1755150,22.00,16.00
1755151,15.00,12.00
1755152,40.00,24.00
1755153,32.00,27.00
1755154,13.00,10.00
1755155,14.00,9.00
1755156,11.00,8.00
1755157,26.00,21.00
1755158,4.00,1.00
1755159,7.00,5.00
1755160,11.00,5.00
1755161,8.00,5.00
1755162,8.00,7.00
1755163,4.00,3.00
1755164,67.00,67.00
1755165,7.00,6.00
1755166,12.00,10.00
1755167,4.00,1.00
1755168,12.00,10.00
1755169,2.00,1.00
1755170,13.00,7.00
1755171,4.00,2.00
1755172,5.00,1.00
1755173,5.00,1.00
1755174,6.00,2.00
1755175,2.00,1.00
1755176,100.00,1.00
1755178,8.00,5.00
1755179,15.00,9.00
1755180,11.00,8.00
1755181,11.00,10.00
1755182,15.00,3.00
1755183,10.00,7.00
1755184,13.00,9.00
1755185,3.00,1.00
1755187,3.00,1.00
1755188,5.00,5.00
1755193,7.00,4.00
1755194,15.00,12.00
1755195,20.00,17.00
1755196,5.00,2.00
1755197,9.00,6.00
1755198,3.00,1.00
1755199,8.00,4.00
1755200,8.00,8.00
1755201,5.00,2.00
1755202,10.00,7.00
1755203,12.00,9.00
1755204,5.00,2.00
1755205,4.00,1.00
1755206,27.00,22.00
1755207,4.00,1.00
1755208,3.00,1.00
1755209,3.00,1.00
1755210,5.00,2.00
1755211,6.00,3.00
1755212,4.00,4.00
1755213,4.00,2.00
1755214,9.00,6.00
1755217,4.00,2.00
1755218,17.00,16.00
1755219,6.00,5.00
1755220,18.00,10.00
1755221,3.00,1.00
1755222,6.00,3.00
1755223,7.00,3.00
1755224,8.00,5.00
1755226,3.00,1.00
1755227,8.00,7.00
1755228,6.00,5.00
1755229,13.00,10.00
1755230,32.00,27.00
1755231,47.00,38.00
1755232,11.00,9.00
1755233,20.00,16.00
1755234,29.00,27.00
1755235,29.00,26.00
1755236,3.00,3.00
1755237,26.00,21.00
1755238,7.00,6.00
1755239,7.00,6.00
1755240,3.00,1.00
1755241,3.00,1.00
1755242,3.00,1.00
1755243,8.00,7.00
1755244,5.00,4.00
1755245,1.00,1.00
1755246,1.00,1.00
1755248,14.00,10.00
1755249,10.00,6.00
1755250,18.00,10.00
1755251,8.00,6.00
1755252,9.00,5.00
1755254,3.00,1.00
1755255,11.00,6.00
1755256,4.00,3.00
1755257,4.00,3.00
1755259,3.00,1.00
1755262,8.00,6.00
1755263,10.00,6.00
1755264,5.00,2.00
1755265,5.00,2.00
1755266,5.00,3.00
1755267,5.00,2.00
1755268,5.00,1.00
1755269,5.00,1.00
1755270,9.00,6.00
1755271,16.00,11.00
1755272,7.00,5.00
1755276,2.00,2.00
1755277,63.00,35.00
1755278,9.00,3.00
1755279,5.00,2.00
1755280,53.00,53.00
1755281,8.00,5.00
1755284,3.00,2.00
1755285,3.00,1.00
1755286,3.00,1.00
1755287,3.00,1.00
1755288,3.00,1.00
1755289,3.00,1.00
1755290,3.00,1.00
1755292,3.00,1.00
1755293,6.00,3.00
1755294,5.00,3.00
1755295,3.00,1.00
1755296,2.00,1.00
1755297,5.00,4.00
1755298,8.00,6.00
1755299,1.00,1.00
1755300,14.00,9.00
1755301,15.00,14.00
1755302,15.00,12.00
1755303,10.00,7.00
1755304,9.00,7.00
1755305,61.00,54.00
1755306,18.00,13.00
1755307,373.00,369.00
1755308,48.00,28.00
1755309,11.00,6.00
1755310,11.00,8.00
1755311,18.00,11.00
1755312,32.00,25.00
1755313,11.00,6.00
1755314,16.00,10.00
1755315,3.00,1.00
1755316,4.00,1.00
1755317,10.00,6.00
1755318,38.00,27.00
1755319,3.00,2.00
1755320,3.00,2.00
1755321,7.00,5.00
1755322,24.00,22.00
1755323,10.00,6.00
1755324,29.00,14.00
1755326,10.00,5.00
1755327,23.00,17.00
1755328,23.00,17.00
1755329,8.00,3.00
1755330,2.00,1.00
1755331,7.00,5.00
1755332,5.00,1.00
1755333,4.00,1.00
1755334,7.00,4.00
1755336,37.00,28.00
1755337,4.00,2.00
1755338,44.00,35.00
1755339,4.00,2.00
1755340,4.00,1.00
1755341,3.00,1.00
1755342,2.00,1.00
1755343,80.00,63.00
1755346,1.00,1.00
1755347,4.00,2.00
1755348,2.00,1.00
1755350,3.00,2.00
1755351,37.00,35.00
1755352,46.00,25.00
1755353,1.00,1.00
1755354,14.00,7.00
1755355,21.00,16.00
1755356,1.00,1.00
1755357,4.00,2.00
1755358,6.00,3.00
1755360,5.00,3.00
1755361,4.00,2.00
1755362,13.00,12.00
1755363,6.00,2.00
1755364,8.00,8.00
1755365,10.00,1.00
1755366,7.00,4.00
1755367,20.00,18.00
1755368,22.00,17.00
1755369,4.00,1.00
1755370,4.00,1.00
1755371,5.00,4.00
1755372,9.00,6.00
1755373,9.00,8.00
1755374,23.00,15.00
1755375,36.00,23.00
1755376,12.00,10.00
1755377,3.00,3.00
1755378,7.00,5.00
1755379,8.00,6.00
1755380,3.00,1.00
1755381,3.00,1.00
1755382,31.00,26.00
1755384,5.00,3.00
1755385,11.00,8.00
1755386,14.00,10.00
1755387,3.00,2.00
1755388,20.00,16.00
1755389,24.00,20.00
1755390,34.00,30.00
1755391,29.00,25.00
1755392,35.00,31.00
1755393,7.00,4.00
1755394,28.00,23.00
1755395,31.00,27.00
1755396,29.00,25.00
1755397,24.00,20.00
1755398,5.00,3.00
1755399,14.00,12.00
1755400,16.00,15.00
1755401,13.00,7.00
1755402,3.00,1.00
1755403,34.00,22.00
1755404,18.00,12.00
1755405,18.00,10.00
1755406,2.00,1.00
1755407,3.00,2.00
1755408,8.00,3.00
1755409,11.00,6.00
1755410,58.00,52.00
1755411,64.00,52.00
1755412,2.00,1.00
1755414,8.00,4.00
1755415,6.00,4.00
1755416,36.00,30.00
1755418,4.00,4.00
1755419,8.00,3.00
1755420,4.00,4.00
1755421,31.00,20.00
1755422,16.00,13.00
1755423,24.00,17.00
1755424,74.00,62.00
1755425,22.00,16.00
1755426,13.00,8.00
1755427,24.00,8.00
1755428,5.00,2.00
1755429,7.00,5.00
1755430,11.00,6.00
1755431,5.00,4.00
1755432,4.00,1.00
1755433,9.00,5.00
1755435,4.00,2.00
1755436,41.00,31.00
1755437,25.00,20.00
1755438,3.00,1.00
1755439,3.00,2.00
1755440,13.00,9.00
1755441,2.00,1.00
1755442,8.00,5.00
1755443,9.00,6.00
1755444,10.00,7.00
1755445,14.00,9.00
1755446,45.00,40.00
1755447,192.00,153.00
1755448,8.00,5.00
1755449,18.00,13.00
1755450,3.00,2.00
1755451,6.00,2.00
1755452,4.00,2.00
1755453,4.00,2.00
1755454,20.00,12.00
1755455,8.00,7.00
1755456,8.00,6.00
1755457,13.00,11.00
1755458,3.00,1.00
1755459,5.00,3.00
1755460,13.00,7.00
1755461,46.00,31.00
1755462,40.00,35.00
1755463,5.00,4.00
1755464,130.00,109.00
1755465,24.00,6.00
1755466,28.00,18.00
1755467,2.00,1.00
1755468,5.00,3.00
1755469,4.00,2.00
1755470,8.00,3.00
1755471,7.00,4.00
1755472,3.00,2.00
1755473,8.00,5.00
1755474,3.00,2.00
1755475,3.00,1.00
1755476,3.00,1.00
1755477,21.00,12.00
1755478,10.00,6.00
1755479,6.00,1.00
1755480,37.00,27.00
1755481,5.00,1.00
1755482,9.00,8.00
1755483,2.00,1.00
1755486,2.00,1.00
1755487,3.00,1.00
1755488,3.00,1.00
1755489,5.00,2.00
1755490,3.00,1.00
1755491,7.00,5.00
1755492,7.00,5.00
1755493,6.00,3.00
1755494,7.00,5.00
1755495,3.00,1.00
1755496,9.00,8.00
1755497,3.00,2.00
1755498,7.00,4.00
1755499,89.00,68.00
1755500,28.00,20.00
1755501,26.00,21.00
1755502,68.00,55.00
1755503,3.00,1.00
1755504,3.00,1.00
1755505,6.00,2.00
1755506,3.00,1.00
1755507,3.00,1.00
1755508,50.00,38.00
1755510,5.00,2.00
1755511,11.00,8.00
1755512,9.00,6.00
1755513,9.00,5.00
1755514,8.00,4.00
1755515,4.00,2.00
1755516,3.00,1.00
1755517,13.00,9.00
1755519,3.00,2.00
1755521,6.00,4.00
1755522,8.00,5.00
1755523,8.00,5.00
1755524,9.00,6.00
1755525,12.00,8.00
1755526,14.00,10.00
1755527,7.00,6.00
1755528,13.00,9.00
1755529,18.00,11.00
1755530,13.00,9.00
1755531,21.00,10.00
1755532,21.00,14.00
1755533,21.00,10.00
1755534,25.00,14.00
1755535,19.00,10.00
1755536,11.00,7.00
1755537,9.00,7.00
1755538,11.00,8.00
1755539,25.00,6.00
1755540,25.00,8.00
1755541,25.00,6.00
1755542,14.00,4.00
1755543,6.00,3.00
1755544,3.00,3.00
1755545,4.00,2.00
1755548,4.00,2.00
1755549,4.00,4.00
1755551,7.00,5.00
1755552,28.00,21.00
1755553,1.00,1.00
1755554,16.00,5.00
1755555,17.00,10.00
1755556,3.00,1.00
1755557,23.00,14.00
1755558,2.00,1.00
1755559,6.00,4.00
1755560,14.00,9.00
1755561,11.00,10.00
1755562,10.00,7.00
1755563,4.00,2.00
1755564,8.00,5.00
1755565,5.00,3.00
1755566,9.00,6.00
1755567,6.00,2.00
1755568,5.00,3.00
1755569,9.00,6.00
1755571,8.00,6.00
1755572,16.00,11.00
1755573,5.00,4.00
1755574,13.00,9.00
1755575,21.00,13.00
1755576,5.00,3.00
1755577,11.00,6.00
1755578,5.00,3.00
1755579,8.00,4.00
1755580,10.00,2.00
1755581,7.00,5.00
1755583,5.00,3.00
1755587,15.00,5.00
1755588,4.00,4.00
1755589,8.00,6.00
1755590,5.00,3.00
1755591,2.00,1.00
1755592,5.00,2.00
1755593,3.00,1.00
1755594,3.00,1.00
1755596,54.00,42.00
1755597,5.00,3.00
1755598,30.00,24.00
1755600,19.00,15.00
1755601,22.00,11.00
1755603,7.00,4.00
1755604,3.00,2.00
1755605,5.00,2.00
1755606,3.00,1.00
1755607,5.00,5.00
1755608,16.00,12.00
1755609,3.00,1.00
1755610,4.00,2.00
1755611,5.00,3.00
1755612,3.00,1.00
1755613,4.00,2.00
1755614,3.00,1.00
1755615,3.00,1.00
1755616,20.00,13.00
1755617,11.00,7.00
1755619,10.00,6.00
1755620,3.00,1.00
1755621,37.00,33.00
1755622,25.00,21.00
1755623,1.00,1.00
1755624,6.00,6.00
1755625,5.00,1.00
1755626,2.00,1.00
1755628,3.00,1.00
1755629,4.00,2.00
1755630,12.00,7.00
1755631,5.00,3.00
1755632,4.00,2.00
1755633,17.00,5.00
1755634,5.00,1.00
1755636,8.00,3.00
1755638,3.00,1.00
1755640,25.00,23.00
1755642,8.00,6.00
1755643,5.00,3.00
1755644,5.00,2.00
1755645,2.00,1.00
1755646,7.00,4.00
1755647,3.00,1.00
1755648,9.00,5.00
1755649,10.00,5.00
1755650,3.00,2.00
1755651,8.00,3.00
1755652,7.00,3.00
1755653,6.00,3.00
1755654,7.00,3.00
1755655,7.00,4.00
1755656,10.00,7.00
1755657,16.00,16.00
1755658,59.00,48.00
1755659,6.00,3.00
1755660,2.00,1.00
1755661,5.00,2.00
1755662,7.00,4.00
1755663,4.00,2.00
1755664,4.00,2.00
1755665,4.00,2.00
1755668,3.00,1.00
1755669,4.00,2.00
1755670,3.00,3.00
1755671,3.00,2.00
1755672,3.00,2.00
1755673,4.00,4.00
1755674,6.00,5.00
1755675,89.00,61.00
1755676,17.00,13.00
1755677,10.00,8.00
1755678,4.00,3.00
1755679,8.00,6.00
1755680,2.00,1.00
1755681,15.00,6.00
1755682,5.00,2.00
1755683,2.00,2.00
1755684,5.00,3.00
1755685,19.00,16.00
1755686,4.00,3.00
1755687,3.00,1.00
1755689,3.00,2.00
1755690,5.00,1.00
1755691,10.00,7.00
1755692,4.00,2.00
1755693,9.00,4.00
1755694,3.00,2.00
1755695,34.00,29.00
1755696,2.00,1.00
1755697,16.00,14.00
1755698,189.00,169.00
1755699,91.00,91.00
1755700,22.00,16.00
1755704,6.00,3.00
1755706,6.00,3.00
1755708,7.00,2.00
1755710,28.00,22.00
1755712,4.00,1.00
1755714,8.00,6.00
1755720,8.00,6.00
1755722,4.00,1.00
1755724,8.00,7.00
1755726,11.00,6.00
1755728,18.00,13.00
1755730,5.00,2.00
1755732,14.00,10.00
1755734,3.00,1.00
1755736,3.00,1.00
1755737,4.00,1.00
1755738,8.00,4.00
1755739,3.00,2.00
1755740,4.00,2.00
1755741,2.00,2.00
1755744,2.00,1.00
1755747,3.00,1.00
1755749,35.00,28.00
1755750,18.00,14.00
1755751,5.00,3.00
1755752,8.00,5.00
1755754,80.00,80.00
1755757,13.00,8.00
1755758,3.00,2.00
1755759,3.00,1.00
1755760,5.00,1.00
1755761,14.00,6.00
1755762,7.00,3.00
1755763,4.00,2.00
1755764,1.00,1.00
1755765,2.00,2.00
1755766,4.00,2.00
1755767,11.00,6.00
1755768,4.00,2.00
1755769,6.00,3.00
1755770,8.00,3.00
1755771,3.00,1.00
1755772,3.00,1.00
1755773,3.00,1.00
1755774,3.00,1.00
1755775,8.00,4.00
1755776,22.00,17.00
1755777,55.00,31.00
1755778,16.00,12.00
1755779,2.00,1.00
1755780,7.00,6.00
1755781,2.00,1.00
1755782,30.00,26.00
1755783,4.00,2.00
1755784,4.00,2.00
1755790,21.00,1.00
1755792,9.00,1.00
1755793,35.00,25.00
1755794,77.00,66.00
1755795,3.00,2.00
1755796,3.00,2.00
1755797,3.00,1.00
1755798,7.00,6.00
1755799,9.00,8.00
1755800,27.00,17.00
1755801,12.00,7.00
1755802,14.00,7.00
1755805,3.00,1.00
1755807,4.00,2.00
1755808,2.00,1.00
1755809,3.00,1.00
1755810,3.00,1.00
1755811,3.00,1.00
1755812,4.00,1.00
1755813,4.00,1.00
1755814,3.00,1.00
1755815,3.00,1.00
1755816,6.00,4.00
1755817,3.00,1.00
1755818,3.00,2.00
1755819,4.00,2.00
1755820,3.00,2.00
1755821,3.00,1.00
1755824,3.00,2.00
1755825,10.00,8.00
1755826,4.00,2.00
1755828,5.00,1.00
1755829,5.00,1.00
1755830,7.00,4.00
1755831,3.00,1.00
1755832,2.00,0.00
1755833,12.00,9.00
1755834,4.00,1.00
1755835,4.00,2.00
1755836,3.00,1.00
1755837,6.00,4.00
1755838,2.00,1.00
1755839,28.00,20.00
1755840,2.00,1.00
1755841,2.00,1.00
1755842,4.00,3.00
1755843,8.00,4.00
1755844,8.00,6.00
1755845,5.00,2.00
1755846,9.00,7.00
1755847,7.00,5.00
1755848,3.00,2.00
1755849,5.00,3.00
1755850,3.00,1.00
1755851,3.00,2.00
1755852,8.00,5.00
1755853,5.00,2.00
1755854,3.00,2.00
1755855,3.00,2.00
1755856,5.00,3.00
1755857,2.00,1.00
1755858,3.00,2.00
1755859,5.00,3.00
1755860,5.00,3.00
1755861,5.00,4.00
1755862,108.00,68.00
1755863,31.00,17.00
1755864,15.00,7.00
1755865,6.00,2.00
1755866,10.00,4.00
1755867,4.00,2.00
1755868,5.00,1.00
1755869,3.00,1.00
1755870,2.00,1.00
1755871,4.00,2.00
1755872,4.00,2.00
1755873,1.00,1.00
1755875,3.00,3.00
1755876,15.00,9.00
1755877,3.00,1.00
1755878,3.00,3.00
1755879,10.00,1.00
1755881,3.00,1.00
1755882,45.00,25.00
1755883,4.00,1.00
1755884,3.00,2.00
1755885,4.00,1.00
1755886,3.00,2.00
1755887,2.00,1.00
1755889,16.00,15.00
1755890,2.00,1.00
1755891,5.00,4.00
1755892,31.00,31.00
1755893,2.00,1.00
1755894,2.00,1.00
1755895,6.00,3.00
1755896,5.00,2.00
1755899,110.00,70.00
1755900,5.00,1.00
1755901,5.00,5.00
1755902,4.00,2.00
1755903,5.00,3.00
1755904,23.00,18.00
1755905,27.00,8.00
1755906,8.00,5.00
1755907,15.00,11.00
1755908,16.00,16.00
1755909,4.00,1.00
1755910,7.00,3.00
1755911,13.00,3.00
1755912,2.00,1.00
1755929,2.00,1.00
1755930,2.00,1.00
1755933,5.00,4.00
1755936,5.00,2.00
1755939,7.00,4.00
1755942,3.00,1.00
1755950,17.00,21.00
1755955,16.00,18.00
1755960,18.00,17.00
1755965,6.00,9.00
1755967,4.00,3.00
1755970,4.00,2.00
1755971,5.00,2.00
1755975,701.00,647.00
1755976,7.00,4.00
1755977,8.00,7.00
1755979,22.00,20.00
1755981,15.00,12.00
1755983,9.00,7.00
1755985,10.00,7.00
1755990,1.00,3.00
1755992,226.00,176.00
1755994,177.00,146.00
1756000,759.00,703.00
1756020,1112.00,1092.00
1756021,64.00,48.00
1756022,111.00,106.00
1756023,58.00,51.00
1756024,39.00,32.00
1756025,7.00,6.00
1756028,14.00,10.00
1756029,25.00,24.00
1756030,27.00,27.00
1756031,96.00,96.00
1756032,2.00,4.00
1756033,394.00,393.00
1756034,7655.00,7287.00
1756035,3191.00,3121.00
1756036,810.00,810.00
1756037,1530.00,1391.00
1756038,977.00,938.00
1756040,946.00,967.00
1756045,638.00,613.00
1756050,299.00,298.00
1756052,32.00,45.00
1756055,12.00,11.00
1756058,4.00,4.00
1756059,2.00,1.00
1756060,2.00,2.00
1756062,6.00,4.00
1756080,11.00,9.00
1756390,4.00,4.00
1756391,3.00,3.00
1756392,7.00,7.00
1756393,1.00,1.00
1756395,8.00,8.00
1756396,1.00,1.00
1756397,2.00,2.00
1756400,1.00,1.00
1756490,6.00,5.00
1756492,6.00,11.00
1756496,3.00,3.00
1756498,1791.00,1746.00
1756499,1504.00,1406.00
1756500,7255.00,7082.00
1756502,477.00,468.00
1756504,397.00,396.00
1756505,595.00,577.00
1756510,1421.00,1297.00
1756515,2.00,3.00
1756700,149.00,141.00
1756950,1.00,2.00
1757000,25.00,22.00
1757005,1.00,4.00
1757015,66.00,57.00
1757020,314.00,318.00
1757030,173.00,170.00
1757040,71.00,73.00
1757100,33.00,29.00
1757102,4.00,0.00
1757144,3.00,3.00
1757145,4.00,5.00
1757148,2.00,1.00
1757150,142.00,134.00
1757152,29.00,30.00
1757170,2.00,2.00
1757185,50.00,30.00
1757186,37.00,20.00
1757190,25.00,10.00
1757194,7.00,4.00
1757195,19.00,19.00
1757196,3.00,1.00
1757197,9.00,6.00
1757200,930.00,965.00
1757205,2139.00,2199.00
1757210,495.00,480.00
1757215,827.00,824.00
1757220,487.00,488.00
1757225,337.00,356.00
1757226,56.00,101.00
1757227,118.00,128.00
1757228,67.00,89.00
1757270,153.00,149.00
1757272,178.00,163.00
1757273,25.00,11.00
1757274,21.00,10.00
1757275,2.00,2.00
1757285,352.00,336.00
1757286,461.00,454.00
1757287,880.00,868.00
1757288,321.00,306.00
1757289,455.00,397.00
1757295,16.00,6.00
1757296,16.00,14.00
1757300,721.00,734.00
1757302,158.00,181.00
1757380,200.00,450.00
1757384,50.00,1.00
1757390,1.00,1.00
1757400,677.00,639.00
1757402,678.00,663.00
1757500,11923.00,11540.00
1757510,1478.00,1572.00
1757515,90.00,94.00
1757520,621.00,565.00
1757530,4568.00,4408.00
1757540,2562.00,2465.00
1757550,9144.00,8878.00
1757560,1341.00,1394.00
1757574,26.00,98.00
1757582,26.00,44.00
1757585,11.00,36.00
1757590,3631.00,3517.00
1757600,242.00,234.00
1757610,1048.00,1071.00
1757611,18.00,14.00
1757612,49.00,66.00
1757615,90.00,88.00
1757620,8341.00,8101.00
1757650,661.00,634.00
1757660,46.00,64.00
1757661,3039.00,2821.00
1757662,5617.00,5435.00
1757665,7076.00,7114.00
1757667,80.00,89.00
1757670,701.00,640.00
1757680,578.00,566.00
1757682,22.00,69.00
1757685,130.00,133.00
1757690,255.00,254.00
1757695,538.00,515.00
1757696,1614.00,1397.00
1757697,2428.00,2328.00
1757699,703.00,647.00
1757700,120.00,89.00
1757701,10.00,6.00
1758000,510.00,488.00
1758002,426.00,436.00
1758003,28.00,23.00
1758004,14.00,13.00
1758005,313.00,285.00
1758010,6.00,3.00
1758023,8.00,5.00
1758024,6.00,4.00
1758025,10.00,5.00
1758026,7.00,6.00
1758027,66.00,60.00
1758028,8.00,2.00
1758029,561.00,514.00
1758030,367.00,347.00
1758031,111.00,105.00
1758032,10.00,9.00
1758033,56.00,43.00
1758034,12.00,2.00
1758035,12.00,3.00
1758036,24.00,22.00
1758037,14.00,10.00
1758038,568.00,544.00
1758039,5.00,2.00
1758040,13.00,8.00
1758041,216.00,206.00
1758042,67.00,54.00
1758043,14.00,2.00
1758044,40.00,14.00
1758045,10.00,4.00
1758046,11.00,11.00
1758047,20.00,14.00
1758048,207.00,199.00
1758049,8.00,6.00
1758050,10.00,6.00
1758051,17.00,12.00
1758052,297.00,273.00
1758053,200.00,170.00
1758054,6.00,4.00
1758055,55.00,42.00
1758056,46.00,34.00
1758057,41.00,29.00
1758058,66.00,52.00
1758059,28.00,23.00
1758060,6.00,4.00
1758061,56.00,48.00
1758062,8.00,3.00
1758063,17.00,12.00
1758064,17.00,11.00
1758065,72.00,62.00
1758066,24.00,15.00
1758067,54.00,42.00
1758068,107.00,99.00
1758069,5.00,2.00
1758070,32.00,25.00
1758071,22.00,21.00
1758072,53.00,40.00
1758073,10.00,6.00
1758074,24.00,14.00
1758075,17.00,14.00
1758076,6.00,3.00
1758077,25.00,22.00
1758078,19.00,15.00
1758079,52.00,41.00
1758080,20.00,5.00
1758081,26.00,15.00
1758082,35.00,22.00
1758083,10.00,6.00
1758084,10.00,6.00
1758085,15.00,10.00
1758086,5.00,3.00
1758087,15.00,12.00
1758088,32.00,32.00
1758089,27.00,24.00
1758090,46.00,42.00
1758091,7.00,4.00
1758092,7.00,4.00
1758093,6.00,5.00
1758094,43.00,41.00
1758095,18.00,6.00
1758096,23.00,6.00
1758097,14.00,6.00
1758098,41.00,38.00
1758099,9.00,8.00
1758100,119.00,118.00
1758101,152.00,132.00
1758102,40.00,32.00
1758103,35.00,31.00
1758104,27.00,14.00
1758105,56.00,44.00
1758106,39.00,31.00
1758107,31.00,28.00
1758108,22.00,16.00
1758109,37.00,25.00
1758110,12.00,10.00
1758113,20.00,12.00
1758114,12.00,2.00
1758115,10.00,4.00
1758116,10.00,4.00
1758117,14.00,2.00
1758119,8.00,4.00
1758120,5.00,3.00
1758121,12.00,8.00
1758122,10.00,2.00
1758123,22.00,13.00
1758124,11.00,6.00
1758125,193.00,173.00
1758126,29.00,25.00
1758127,27.00,22.00
1758128,140.00,98.00
1758129,7.00,4.00
1758130,7.00,2.00
1758131,10.00,7.00
1758132,3537.00,3082.00
1758133,3.00,2.00
1758134,193.00,163.00
1758135,26.00,14.00
1758136,66.00,57.00
1758137,30.00,23.00
1758138,17.00,11.00
1758139,12.00,9.00
1758140,31.00,23.00
1758141,14.00,10.00
1758142,14.00,10.00
1758143,5.00,2.00
1758144,6.00,4.00
1758146,4.00,1.00
1758147,5.00,2.00
1758148,16.00,12.00
1758149,9.00,6.00
1758150,342.00,326.00
1758151,151.00,141.00
1758152,10.00,7.00
1758153,12.00,7.00
1758154,10.00,7.00
1758155,12.00,8.00
1758156,18.00,14.00
1758157,8.00,5.00
1758158,33.00,28.00
1758159,9.00,6.00
1758160,13.00,11.00
1758162,10.00,8.00
1758163,241.00,210.00
1758164,32.00,26.00
1758165,157.00,142.00
1758166,25.00,23.00
1758167,41.00,39.00
1758168,10.00,3.00
1758169,4.00,2.00
1758170,13.00,11.00
1758171,8.00,3.00
1758172,77.00,60.00
1758173,11.00,6.00
1758174,64.00,34.00
1758175,11.00,2.00
1758176,17.00,13.00
1758177,852.00,768.00
1758178,21.00,20.00
1758179,34.00,29.00
1758180,15.00,7.00
1758181,16.00,10.00
1758182,58.00,29.00
1758183,24.00,18.00
1758184,40.00,37.00
1758185,8.00,4.00
1758186,30.00,24.00
1758187,3.00,2.00
1758188,13.00,10.00
1758190,8.00,4.00
1758191,15.00,11.00
1758192,29.00,24.00
1758193,26.00,16.00
1758194,23.00,16.00
1758195,7.00,5.00
1758196,5.00,4.00
1758197,9.00,8.00
1758198,51.00,46.00
1758199,27.00,23.00
1758200,21.00,13.00
1758201,5.00,5.00
1758202,5.00,3.00
1758203,172.00,158.00
1758204,68.00,56.00
1758205,26.00,19.00
1758207,10.00,7.00
1758208,17.00,16.00
1758209,5.00,2.00
1758210,39.00,33.00
1758211,12.00,10.00
1758212,604.00,531.00
1758213,84.00,79.00
1758214,34.00,34.00
1758215,39.00,35.00
1758216,80.00,64.00
1758217,5.00,2.00
1758219,5.00,1.00
1758221,17.00,15.00
1758222,6.00,1.00
1758223,15.00,9.00
1758224,4.00,1.00
1758225,8.00,7.00
1758226,12.00,8.00
1758227,43.00,33.00
1758228,10.00,9.00
1758229,17.00,14.00
1758230,24.00,22.00
1758231,13.00,11.00
1758232,19.00,16.00
1758233,9.00,5.00
1758234,2.00,1.00
1758235,12.00,8.00
1758236,14.00,8.00
1758237,8.00,2.00
1758238,25.00,19.00
1758239,49.00,48.00
1758240,7.00,2.00
1758241,16.00,8.00
1758242,17.00,13.00
1758243,61.00,55.00
1758244,24.00,20.00
1758245,11.00,8.00
1758246,6.00,2.00
1758247,56.00,53.00
1758248,33.00,28.00
1758249,12.00,7.00
1758251,8.00,4.00
1758252,5.00,2.00
1758253,5.00,1.00
1758255,4.00,2.00
1758256,5.00,2.00
1758257,107.00,87.00
1758258,13.00,3.00
1758259,18.00,2.00
1758260,10.00,6.00
1758261,15.00,8.00
1758262,12.00,4.00
1758263,6.00,6.00
1758264,13.00,12.00
1758265,4.00,1.00
1758267,11.00,11.00
1758268,5.00,3.00
1758269,4.00,4.00
1758270,9.00,7.00
1758271,14.00,8.00
1758272,11.00,6.00
1758273,10.00,8.00
1758274,10.00,7.00
1758275,7.00,3.00
1758276,6.00,2.00
1758279,40.00,40.00
1758280,6.00,2.00
1758282,6.00,2.00
1758283,5.00,3.00
1758284,10.00,1.00
1758286,7.00,4.00
1758287,11.00,9.00
1758288,17.00,15.00
1758289,4.00,1.00
1758290,13.00,8.00
1758291,4.00,2.00
1758292,4.00,1.00
1758293,8.00,1.00
1758294,25.00,13.00
1758295,4.00,1.00
1758297,9.00,1.00
1758299,37.00,28.00
1758300,35.00,11.00
1758301,90.00,70.00
1758302,11.00,6.00
1758303,9.00,1.00
1758304,15.00,12.00
1758305,15.00,13.00
1758306,8.00,7.00
1758307,11.00,9.00
1758308,6.00,5.00
1758309,13.00,9.00
1758311,9.00,5.00
1758312,7.00,2.00
1758313,19.00,19.00
1758314,14.00,12.00
1758316,7.00,3.00
1758317,10.00,10.00
1758318,4.00,2.00
1758319,6.00,3.00
1758320,7.00,1.00
1758321,25.00,19.00
1758322,10.00,8.00
1758324,12.00,9.00
1758325,11.00,6.00
1758326,10.00,7.00
1758327,12.00,5.00
1758328,119.00,114.00
1758329,14.00,8.00
1758330,13.00,10.00
1758331,14.00,12.00
1758332,21.00,4.00
1758333,10.00,1.00
1758334,12.00,9.00
1758335,10.00,7.00
1758336,5.00,4.00
1758337,18.00,12.00
1758338,8.00,4.00
1758339,52.00,40.00
1758340,5.00,4.00
1758342,11.00,10.00
1758343,116.00,119.00
1758344,12.00,10.00
1758345,6.00,7.00
1758351,70.00,78.00
1758352,4.00,3.00
1758353,2.00,2.00
1758357,7.00,6.00
1758358,85.00,85.00
1758359,46.00,49.00
1758360,17.00,18.00
1758361,80.00,86.00
1758362,75.00,60.00
1758363,94.00,67.00
1758364,61.00,58.00
1758365,16.00,7.00
1758366,107.00,91.00
1758367,4.00,7.00
1758368,12.00,14.00
1758372,2.00,7.00
1758373,16.00,13.00
1758374,153.00,157.00
1758377,4.00,4.00
1758378,2.00,3.00
1758379,3.00,4.00
1758380,6.00,6.00
1758381,6.00,6.00
1758382,6.00,6.00
1758383,1.00,1.00
1758385,15.00,16.00
1758386,16.00,15.00
1758387,9.00,11.00
1758388,12.00,15.00
1758389,4.00,2.00
1758390,1.00,1.00
1758391,4.00,1.00
1758393,5.00,7.00
1758394,4.00,2.00
1758395,3.00,1.00
1758396,8.00,10.00
1758398,1.00,2.00
1758400,1.00,2.00
1758401,6.00,11.00
1758402,1.00,3.00
1758407,1.00,1.00
1758409,3.00,2.00
1758410,3.00,1.00
1758414,6.00,5.00
1758415,1.00,3.00
1758418,1.00,1.00
1758419,1.00,2.00
1758420,2.00,1.00
1758421,18.00,18.00
1758422,16.00,34.00
1758423,1.00,1.00
1758424,2.00,2.00
1758425,2.00,3.00
1758427,171.00,153.00
1758429,29.00,40.00
1758430,6.00,47.00
1758432,5.00,14.00
1758433,265.00,232.00
1758434,35.00,34.00
1758435,1.00,10.00
1758436,30.00,47.00
1758437,26.00,39.00
1758438,16.00,56.00
1758439,18.00,35.00
1758440,33.00,34.00
1758441,1.00,6.00
1758442,13.00,35.00
1758443,3.00,10.00
1758444,5.00,3.00
1758446,7.00,9.00
1758447,132.00,128.00
1758448,2.00,1.00
1758449,43.00,43.00
1758450,3.00,2.00
1758452,10.00,3.00
1758453,12.00,11.00
1758455,5.00,5.00
1758456,6.00,4.00
1758457,1.00,4.00
1758458,1.00,1.00
1758459,23.00,22.00
1758460,7.00,8.00
1758461,1.00,0.00
1758462,862.00,817.00
1758463,22.00,22.00
1758464,6.00,3.00
1758465,25.00,22.00
1758466,11.00,18.00
1758467,12.00,16.00
1758468,2.00,7.00
1758469,6.00,3.00
1758472,62.00,54.00
1758474,4.00,8.00
1758475,73.00,70.00
1758476,429.00,453.00
1758477,134.00,113.00
1758481,6.00,4.00
1758482,10.00,10.00
1758483,10.00,10.00
1758484,11.00,11.00
1758485,3.00,4.00
1758486,4.00,5.00
1758487,6.00,6.00
1758488,4.00,4.00
1758489,4.00,2.00
1758490,4.00,3.00
1758491,10.00,7.00
1758492,2.00,4.00
1758493,7.00,8.00
1758494,4.00,6.00
1758495,8.00,9.00
1758500,4.00,5.00
1758502,633.00,601.00
1758503,4.00,3.00
1758504,3.00,2.00
1758505,4.00,1.00
1758506,7.00,5.00
1758509,1.00,1.00
1758510,28.00,33.00
1758511,6.00,5.00
1758514,2.00,1.00
1758515,105.00,106.00
1758516,4.00,5.00
1758517,2.00,3.00
1758518,34.00,34.00
1758519,10.00,11.00
1758520,37.00,33.00
1758521,3.00,3.00
1758522,7.00,2.00
1758526,15.00,13.00
1758527,5.00,6.00
1758528,47.00,43.00
1758529,4.00,4.00
1758530,96.00,92.00
1758531,4.00,5.00
1758532,20.00,25.00
1758533,293.00,277.00
1758534,6.00,2.00
1758535,1.00,1.00
1758539,14.00,10.00
1758540,162.00,156.00
1758541,27.00,25.00
1758542,11.00,10.00
1758543,6.00,4.00
1758544,3.00,2.00
1758546,35.00,39.00
1758547,24.00,24.00
1758548,93.00,91.00
1758549,157.00,149.00
1758550,29.00,30.00
1758551,7.00,6.00
1758552,8.00,8.00
1758553,3.00,5.00
1758554,19.00,16.00
1758555,34.00,24.00
1758556,2.00,1.00
1758558,10.00,6.00
1758559,15.00,14.00
1758560,48.00,43.00
1758562,108.00,112.00
1758563,16.00,8.00
1758564,4.00,5.00
1758566,16.00,20.00
1758567,13.00,10.00
1758569,1.00,1.00
1758571,1.00,1.00
1758577,5.00,6.00
1758578,17.00,16.00
1758579,11.00,24.00
1758583,15.00,21.00
1758588,23.00,21.00
1758589,27.00,28.00
1758590,3368.00,3422.00
1758592,10.00,13.00
1758593,351.00,316.00
1758595,573.00,546.00
1758596,11.00,14.00
1758597,5.00,5.00
1758598,7.00,10.00
1758599,55.00,49.00
1758600,168.00,171.00
1758602,196.00,222.00
1758604,155.00,163.00
1758605,4536.00,4464.00
1758606,12.00,8.00
1758607,2862.00,2944.00
1758610,597.00,619.00
1758611,4.00,3.00
1758615,1889.00,1774.00
1758620,36.00,33.00
1758624,61.00,53.00
1758625,141.00,138.00
1758626,122.00,84.00
1758627,12.00,10.00
1758628,30.00,29.00
1758629,1.00,3.00
1758630,3.00,1.00
1758631,1.00,6.00
1758633,2.00,2.00
1758634,13.00,13.00
1758636,5.00,10.00
1758637,7.00,9.00
1758638,117.00,122.00
1758639,207.00,160.00
1758640,210.00,186.00
1758641,48.00,43.00
1758642,73.00,64.00
1758643,140.00,127.00
1758644,46.00,36.00
1758645,43.00,30.00
1758646,24.00,17.00
1758647,18.00,14.00
1758648,12.00,16.00
1758649,42.00,42.00
1758650,6.00,7.00
1758651,18.00,15.00
1758652,82.00,64.00
1758653,60.00,56.00
1758654,27.00,20.00
1758655,25.00,26.00
1758656,538.00,519.00
1758657,2.00,3.00
1758659,100.00,84.00
1758660,159.00,155.00
1758661,295.00,298.00
1758662,6.00,5.00
1758663,3.00,4.00
1758664,175.00,193.00
1758665,315.00,331.00
1758666,67.00,73.00
1758667,16.00,9.00
1758668,99.00,85.00
1758669,153.00,133.00
1758670,305.00,288.00
1758671,5.00,5.00
1758673,60.00,39.00
1758674,73.00,105.00
1758675,23.00,20.00
1758676,6.00,9.00
1758677,1.00,5.00
1758679,3.00,7.00
1758680,2.00,5.00
1758681,16.00,16.00
1758682,21.00,43.00
1758683,41.00,67.00
1758684,19.00,11.00
1758686,21.00,8.00
1758688,10.00,10.00
1758689,1.00,1.00
1758690,77.00,81.00
1758692,15.00,13.00
1758693,278.00,267.00
1758695,4.00,7.00
1758697,2.00,5.00
1758698,4.00,9.00
1758701,313.00,309.00
1758702,10.00,1.00
1758705,39.00,35.00
1758707,44.00,42.00
1758708,16.00,13.00
1758709,23.00,22.00
1758710,3.00,6.00
1758713,7.00,2.00
1758715,920.00,899.00
1758716,25.00,24.00
1758717,6.00,8.00
1758718,310.00,320.00
1758719,5.00,5.00
1758720,4.00,6.00
1758721,7.00,7.00
1758722,5.00,5.00
1758723,4.00,4.00
1758727,10.00,11.00
1758728,2.00,2.00
1758729,69.00,63.00
1758730,7.00,8.00
1758731,24.00,24.00
1758732,33.00,32.00
1758733,50.00,45.00
1758734,61.00,56.00
1758735,1010.00,975.00
1758736,8.00,3.00
1758737,3.00,2.00
1758740,11.00,8.00
1758741,1.00,3.00
1758744,4.00,3.00
1758745,50.00,44.00
1758746,1.00,1.00
1758748,2.00,2.00
1758749,20.00,20.00
1758750,34.00,31.00
1758751,62.00,59.00
1758752,40.00,36.00
1758753,6.00,25.00
1758754,68.00,72.00
1758755,3.00,3.00
1758758,1.00,3.00
1758760,143.00,164.00
1758761,2.00,3.00
1758763,3.00,5.00
1758765,69.00,68.00
1758767,62.00,56.00
1758768,7.00,2.00
1758769,7.00,10.00
1758770,3.00,6.00
1758771,859.00,799.00
1758772,251.00,204.00
1758773,47.00,43.00
1758774,41.00,42.00
1758775,100.00,103.00
1758776,3.00,4.00
1758777,3.00,1.00
1758778,46.00,45.00
1758779,2.00,6.00
1758780,60.00,60.00
1758781,40.00,43.00
1758782,6.00,9.00
1758783,85.00,64.00
1758784,10.00,8.00
1758785,44.00,52.00
1758787,9.00,8.00
1758788,73.00,82.00
1758789,6.00,4.00
1758791,29.00,31.00
1758792,19.00,34.00
1758793,22.00,17.00
1758794,2.00,3.00
1758795,24.00,31.00
1758796,3.00,3.00
1758798,17.00,20.00
1758799,39.00,32.00
1758801,6.00,6.00
1758802,3.00,3.00
1758804,80.00,75.00
1758807,20.00,20.00
1758809,45.00,39.00
1758810,57.00,56.00
1758811,2.00,6.00
1758812,63.00,69.00
1758813,4.00,9.00
1758815,332.00,303.00
1758817,10.00,11.00
1758818,44.00,40.00
1758819,5.00,8.00
1758820,163.00,164.00
1758822,1.00,1.00
1758823,31.00,28.00
1758824,15.00,13.00
1758825,67.00,55.00
1758828,11.00,10.00
1758829,19.00,16.00
1758833,11.00,11.00
1758834,106.00,106.00
1758835,4.00,2.00
1758837,11.00,11.00
1758838,21.00,23.00
1758841,2.00,1.00
1758842,42.00,39.00
1758843,43.00,40.00
1758844,18.00,14.00
1758845,83.00,78.00
1758846,69.00,66.00
1758848,20.00,17.00
1758849,10.00,16.00
1758850,84.00,77.00
1758851,355.00,358.00
1758852,5.00,2.00
1758853,55.00,51.00
1758854,16.00,19.00
1758855,10.00,8.00
1758856,31.00,37.00
1758857,21.00,33.00
1758858,114.00,115.00
1758859,1155.00,1155.00
1758861,122.00,111.00
1758862,52.00,51.00
1758863,6.00,8.00
1758864,1.00,1.00
1758865,4.00,2.00
1758867,30.00,29.00
1758869,79.00,73.00
1758870,2.00,4.00
1758872,5.00,6.00
1758873,6.00,9.00
1758875,4.00,6.00
1758876,5.00,5.00
1758877,11.00,9.00
1758879,2.00,3.00
1758882,12.00,21.00
1758883,73.00,68.00
1758884,13.00,11.00
1758885,23.00,23.00
1758887,146.00,147.00
1758888,3.00,1.00
1758890,5.00,7.00
1758893,1.00,2.00
1758895,79.00,74.00
1758896,2.00,2.00
1758897,13.00,11.00
1758898,47.00,57.00
1758901,1.00,2.00
1758902,2.00,0.00
1758903,19.00,22.00
1758904,5.00,4.00
1758905,67.00,70.00
1758906,18.00,24.00
1758907,41.00,51.00
1758908,8.00,10.00
1758911,20.00,32.00
1758913,9.00,15.00
1758914,4.00,13.00
1758915,55.00,50.00
1758916,1.00,2.00
1758917,631.00,603.00
1758920,10.00,19.00
1758924,3.00,1.00
1758925,17.00,19.00
1758926,17.00,27.00
1758927,8.00,12.00
1758928,3.00,9.00
1758929,2.00,6.00
1758930,9.00,11.00
1758931,1.00,6.00
1758933,2.00,3.00
1758934,135.00,125.00
1758935,86.00,103.00
1758936,23.00,26.00
1758937,8.00,2.00
1758940,121.00,123.00
1758941,19.00,19.00
1758942,10.00,9.00
1758943,115.00,105.00
1758944,2.00,4.00
1758949,1.00,7.00
1758950,18.00,18.00
1758951,1.00,4.00
1758952,11.00,12.00
1758953,5.00,5.00
1758954,5.00,7.00
1758955,4.00,5.00
1758957,6.00,6.00
1758959,16.00,15.00
1758960,267.00,283.00
1758961,13.00,10.00
1758962,60.00,60.00
1758963,47.00,49.00
1758964,48.00,47.00
1758965,10.00,13.00
1758966,18.00,15.00
1758967,576.00,553.00
1758968,5.00,3.00
1758969,5.00,6.00
1758970,74.00,72.00
1758972,2.00,8.00
1758973,3.00,3.00
1758974,27.00,28.00
1758975,635.00,607.00
1758976,13.00,17.00
1758979,2.00,4.00
1758981,7.00,9.00
1758984,5.00,5.00
1758985,159.00,158.00
1758988,9.00,12.00
1758989,41.00,44.00
1758990,4.00,1.00
1758991,18.00,20.00
1758992,5.00,14.00
1758993,11.00,16.00
1758994,29.00,33.00
1758995,98.00,89.00
1758996,8.00,12.00
1758997,12.00,9.00
1758998,24.00,24.00
1759000,43.00,41.00
1759001,247.00,209.00
1759002,27.00,28.00
1759003,2.00,1.00
1759004,4.00,2.00
1759005,24.00,25.00
1759007,507.00,462.00
1759008,3.00,1.00
1759010,140.00,128.00
1759011,22.00,19.00
1759014,3.00,3.00
1759015,2.00,3.00
1759017,601.00,557.00
1759018,17.00,20.00
1759020,10.00,7.00
1759022,128.00,113.00
1759024,6.00,5.00
1759025,19.00,18.00
1759027,55.00,56.00
1759028,10.00,10.00
1759029,19.00,20.00
1759030,2.00,25.00
1759033,15.00,17.00
1759034,3.00,4.00
1759035,2.00,2.00
1759036,157.00,146.00
1759037,23.00,18.00
1759038,8.00,6.00
1759042,2.00,1.00
1759043,2.00,2.00
1759044,30.00,28.00
1759045,9.00,12.00
1759046,3.00,4.00
1759047,3.00,3.00
1759048,17.00,20.00
1759049,12.00,12.00
1759050,10.00,10.00
1759052,7.00,8.00
1759053,2.00,2.00
1759054,28.00,33.00
1759055,109.00,116.00
1759057,7.00,6.00
1759059,37.00,40.00
1759060,57.00,60.00
1759061,18.00,12.00
1759062,7.00,9.00
1759063,7.00,5.00
1759064,13.00,13.00
1759065,388.00,366.00
1759066,928.00,897.00
1759067,23.00,31.00
1759068,39.00,43.00
1759070,376.00,367.00
1759071,113.00,111.00
1759072,20.00,5.00
1759073,16.00,9.00
1759074,14.00,3.00
1759075,9.00,4.00
1759076,35.00,35.00
1759077,33.00,26.00
1759078,53.00,63.00
1759079,8.00,4.00
1759080,14.00,10.00
1759081,3.00,2.00
1759082,448.00,421.00
1759085,22.00,30.00
1759086,2.00,2.00
1759087,2.00,1.00
1759091,2.00,4.00
1759093,3.00,10.00
1759094,9.00,9.00
1759095,15.00,11.00
1759096,36.00,37.00
1759097,40.00,42.00
1759098,60.00,59.00
1759100,9.00,7.00
1759101,51.00,53.00
1759102,36.00,34.00
1759104,11.00,11.00
1759106,24.00,24.00
1759107,25.00,24.00
1759108,300.00,277.00
1759109,204.00,179.00
1759110,1796.00,1754.00
1759112,11.00,12.00
1759113,3.00,1.00
1759114,4.00,5.00
1759116,3.00,2.00
1759117,3.00,10.00
1759118,14.00,19.00
1759119,10.00,12.00
1759120,2.00,8.00
1759121,3.00,4.00
1759122,1.00,2.00
1759123,5.00,5.00
1759124,9.00,10.00
1759125,2.00,3.00
1759127,5.00,7.00
1759129,1.00,1.00
1759132,1.00,5.00
1759133,3.00,2.00
1759134,8.00,6.00
1759135,4.00,1.00
1759137,11.00,10.00
1759138,113.00,106.00
1759139,21.00,22.00
1759140,48.00,50.00
1759141,10.00,10.00
1759142,1.00,7.00
1759143,135.00,136.00
1759144,68.00,67.00
1759145,59.00,58.00
1759146,56.00,59.00
1759147,32.00,36.00
1759148,13.00,13.00
1759149,107.00,100.00
1759153,39.00,31.00
1759155,149.00,145.00
1759157,20.00,10.00
1759158,83.00,85.00
1759159,157.00,151.00
1759161,308.00,301.00
1759163,311.00,298.00
1759164,12.00,15.00
1759165,247.00,245.00
1759167,144.00,135.00
1759168,14.00,14.00
1759169,72.00,43.00
1759171,65.00,70.00
1759174,16.00,11.00
1759176,71.00,67.00
1759177,4.00,9.00
1759178,21.00,44.00
1759180,1.00,4.00
1759181,131.00,107.00
1759182,207.00,194.00
1759183,89.00,62.00
1759186,39.00,67.00
1759187,3.00,1.00
1759188,8.00,63.00
1759189,3.00,1.00
1759190,26.00,32.00
1759191,9.00,4.00
1759192,1.00,1.00
1759194,5.00,7.00
1759195,9.00,9.00
1759197,28.00,38.00
1759199,2.00,4.00
1759205,1.00,1.00
1759208,20.00,18.00
1759212,12.00,12.00
1759213,7.00,2.00
1759215,6.00,2.00
1759216,24.00,22.00
1759217,5.00,3.00
1759219,3.00,1.00
1759220,21.00,1.00
1759223,20.00,20.00
1759225,11.00,9.00
1759229,19.00,16.00
1759231,21.00,19.00
1759232,1.00,1.00
1759233,26.00,24.00
1759235,11.00,10.00
1759236,2.00,1.00
1759241,17.00,20.00
1759244,207.00,217.00
1759247,222.00,237.00
1759251,18.00,17.00
1759253,18.00,23.00
1759255,37.00,41.00
1759256,8.00,10.00
1759257,37.00,40.00
1759258,2437.00,2183.00
1759259,34.00,36.00
1759260,21.00,28.00
1759261,72.00,76.00
1759263,29.00,32.00
1759265,10.00,15.00
1759267,20.00,25.00
1759268,44.00,34.00
1759269,21.00,15.00
1759270,1.00,1.00
1759271,6.00,4.00
1759272,99.00,102.00
1759274,9.00,7.00
1759275,17.00,12.00
1759276,28.00,22.00
1759277,4.00,1.00
1759278,2.00,1.00
1759279,18.00,12.00
1759280,7.00,6.00
1759281,3.00,1.00
1759282,38.00,52.00
1759283,12.00,3.00
1759284,7.00,4.00
1759285,5.00,1.00
1759287,13.00,4.00
1759291,3.00,2.00
1759292,8.00,18.00
1759294,8.00,6.00
1759295,19.00,15.00
1759297,25.00,21.00
1759298,41.00,48.00
1759299,3.00,2.00
1759301,4.00,2.00
1759302,6.00,14.00
1759303,5.00,3.00
1759304,5.00,6.00
1759308,1.00,2.00
1759309,14.00,10.00
1759311,29.00,25.00
1759312,13.00,9.00
1759313,235.00,221.00
1759314,6.00,6.00
1759315,28.00,22.00
1759316,4.00,1.00
1759317,48.00,38.00
1759318,387.00,387.00
1759319,99.00,79.00
1759320,1025.00,965.00
1759321,36.00,32.00
1759322,69.00,60.00
1759323,52.00,44.00
1759324,118.00,119.00
1759325,167.00,158.00
1759326,1231.00,1231.00
1759327,9.00,6.00
1759328,11.00,23.00
1759329,65.00,54.00
1759330,6.00,5.00
1759331,4.00,2.00
1759332,22.00,16.00
1759333,10.00,7.00
1759334,10.00,6.00
1759335,26.00,18.00
1759336,4.00,1.00
1759337,15.00,14.00
1759338,140.00,134.00
1759339,16.00,10.00
1759340,3.00,4.00
1759341,6.00,2.00
1759343,6.00,2.00
1759344,124.00,135.00
1759346,413.00,408.00
1759347,39.00,32.00
1759348,137.00,138.00
1759349,23.00,20.00
1759350,33.00,55.00
1759351,9.00,4.00
1759354,55.00,40.00
1759355,90.00,81.00
1759356,25.00,35.00
1759357,31.00,28.00
1759358,95.00,95.00
1759359,26.00,21.00
1759360,118.00,118.00
1759361,7.00,5.00
1759362,88.00,110.00
1759363,4.00,2.00
1759364,169.00,168.00
1759365,10.00,10.00
1759366,774.00,754.00
1759367,54.00,47.00
1759368,93.00,106.00
1759369,3.00,1.00
1759370,216.00,234.00
1759371,19.00,15.00
1759372,1.00,1.00
1759374,81.00,78.00
1759375,10.00,7.00
1759377,34.00,30.00
1759378,1.00,17.00
1759379,28.00,22.00
1759380,26.00,28.00
1759381,19.00,1.00
1759382,1.00,3.00
1759383,7.00,5.00
1759385,4.00,2.00
1759386,2.00,2.00
1759387,172.00,160.00
1759389,17.00,13.00
1759390,179.00,180.00
1759391,2692.00,2574.00
1759392,26.00,45.00
1759393,242.00,197.00
1759394,49.00,77.00
1759395,197.00,177.00
1759396,31.00,36.00
1759397,17.00,17.00
1759399,24.00,19.00
1759400,11.00,12.00
1759401,28.00,24.00
1759403,32.00,26.00
1759404,10.00,7.00
1759405,44.00,34.00
1759406,30.00,29.00
1759407,22.00,17.00
1759409,171.00,148.00
1759411,270.00,248.00
1759412,2.00,5.00
1759413,199.00,182.00
1759414,9.00,12.00
1759415,27.00,17.00
1759416,1.00,4.00
1759417,6.00,1.00
1759418,15.00,19.00
1759419,10.00,3.00
1759420,78.00,100.00
1759421,8.00,1.00
1759423,28.00,13.00
1759424,173.00,151.00
1759426,571.00,547.00
1759427,8.00,6.00
1759428,7.00,9.00
1759429,5.00,2.00
1759430,22.00,20.00
1759431,11.00,10.00
1759433,57.00,40.00
1759435,21.00,19.00
1759436,7.00,6.00
1759437,10.00,7.00
1759438,4.00,7.00
1759439,27.00,17.00
1759440,3.00,1.00
1759441,15.00,9.00
1759443,21.00,13.00
1759444,52.00,52.00
1759445,34.00,24.00
1759446,1.00,1.00
1759447,24.00,20.00
1759448,2.00,3.00
1759449,15.00,7.00
1759450,15.00,9.00
1759451,41.00,21.00
1759452,37.00,22.00
1759453,21.00,18.00
1759455,22.00,11.00
1759456,211.00,193.00
1759457,2.00,2.00
1759459,34.00,30.00
1759460,68.00,66.00
1759461,32.00,26.00
1759462,5.00,6.00
1759463,9.00,7.00
1759464,64.00,76.00
1759466,116.00,116.00
1759467,12.00,6.00
1759468,323.00,311.00
1759469,22.00,20.00
1759470,135.00,125.00
1759471,13.00,10.00
1759472,10.00,10.00
1759473,9.00,7.00
1759474,148.00,161.00
1759475,11.00,7.00
1759476,8.00,11.00
1759477,9.00,8.00
1759478,12.00,11.00
1759479,22.00,17.00
1759480,1.00,5.00
1759481,923.00,784.00
1759482,5.00,6.00
1759483,8.00,2.00
1759484,158.00,148.00
1759485,5.00,3.00
1759487,3.00,1.00
1759489,100.00,93.00
1759491,23.00,19.00
1759492,412.00,398.00
1759493,16.00,13.00
1759494,109.00,112.00
1759495,23.00,20.00
1759496,4.00,5.00
1759497,7.00,2.00
1759498,28.00,32.00
1759499,2.00,1.00
1759503,2.00,1.00
1759504,55.00,61.00
1759505,3.00,2.00
1759506,77.00,102.00
1759507,9.00,6.00
1759509,10.00,7.00
1759510,12.00,19.00
1759511,3.00,1.00
1759512,111.00,113.00
1759513,14.00,11.00
1759514,54.00,54.00
1759515,3.00,1.00
1759517,8.00,6.00
1759518,11.00,7.00
1759520,19.00,14.00
1759521,30.00,26.00
1759523,48.00,40.00
1759524,1.00,3.00
1759525,6.00,1.00
1759528,54.00,47.00
1759530,33.00,33.00
1759533,2.00,1.00
1759534,72.00,73.00
1759536,68.00,69.00
1759537,6.00,2.00
1759539,3.00,2.00
1759542,3.00,1.00
1759544,117.00,119.00
1759546,3.00,3.00
1759548,831.00,833.00
1759550,19.00,20.00
1759551,5.00,3.00
1759553,6.00,2.00
1759554,1.00,1.00
1759555,14.00,6.00
1759556,2.00,2.00
1759557,5.00,2.00
1759558,5.00,5.00
1759559,13.00,7.00
1759561,10.00,5.00
1759562,16.00,16.00
1759563,5.00,2.00
1759564,503.00,502.00
1759565,7.00,4.00
1759566,7.00,9.00
1759567,3.00,2.00
1759568,6.00,5.00
1759571,4.00,2.00
1759572,41.00,44.00
1759573,7.00,5.00
1759574,30.00,32.00
1759575,6.00,2.00
1759576,71.00,72.00
1759578,174.00,162.00
1759580,58.00,43.00
1759581,13.00,4.00
1759582,18.00,16.00
1759583,15.00,13.00
1759584,13.00,9.00
1759585,4.00,1.00
1759586,202.00,163.00
1759587,15.00,7.00
1759589,21.00,15.00
1759590,2.00,2.00
1759591,22.00,13.00
1759593,26.00,21.00
1759594,17.00,18.00
1759596,10.00,13.00
1759597,41.00,39.00
1759598,6.00,6.00
1759600,22.00,23.00
1759604,80.00,67.00
1759606,79.00,71.00
1759607,5.00,1.00
1759608,481.00,489.00
1759609,193.00,184.00
1759610,101.00,98.00
1759612,83.00,88.00
1759613,8.00,6.00
1759614,6.00,7.00
1759615,10.00,2.00
1759617,9.00,5.00
1759619,13.00,9.00
1759620,40.00,27.00
1759621,6.00,3.00
1759622,40.00,34.00
1759623,13.00,10.00
1759624,6.00,5.00
1759625,3.00,1.00
1759626,4.00,4.00
1759627,3.00,1.00
1759628,16.00,16.00
1759629,7.00,1.00
1759630,19.00,16.00
1759631,71.00,58.00
1759632,11.00,18.00
1759633,4.00,3.00
1759634,7.00,17.00
1759635,19.00,18.00
1759636,6.00,3.00
1759637,11.00,5.00
1759638,15.00,15.00
1759639,15.00,10.00
1759640,37.00,49.00
1759641,13.00,10.00
1759642,297.00,312.00
1759643,7.00,2.00
1759644,37.00,44.00
1759645,9.00,7.00
1759646,5.00,15.00
1759647,8.00,4.00
1759648,28.00,35.00
1759649,8.00,6.00
1759650,225.00,214.00
1759651,5.00,2.00
1759652,7.00,8.00
1759653,7.00,5.00
1759654,7.00,7.00
1759655,10.00,3.00
1759656,118.00,111.00
1759657,8.00,3.00
1759658,37.00,41.00
1759659,8.00,2.00
1759660,55.00,55.00
1759661,5.00,4.00
1759662,1.00,3.00
1759663,9.00,6.00
1759665,8.00,4.00
1759666,6.00,7.00
1759667,2.00,1.00
1759668,2.00,3.00
1759670,5.00,7.00
1759671,5.00,1.00
1759672,4.00,4.00
1759673,10.00,4.00
1759674,433.00,384.00
1759675,5.00,2.00
1759676,2.00,2.00
1759677,11.00,5.00
1759678,3.00,15.00
1759679,4.00,1.00
1759681,5.00,3.00
1759682,5.00,9.00
1759683,7.00,3.00
1759684,47.00,47.00
1759685,32.00,26.00
1759686,10.00,12.00
1759688,121.00,140.00
1759689,23.00,19.00
1759690,11.00,11.00
1759692,16.00,16.00
1759693,11.00,12.00
1759694,14.00,17.00
1759695,4.00,2.00
1759696,24.00,21.00
1759697,21.00,14.00
1759698,48.00,53.00
1759699,3.00,1.00
1759700,1.00,2.00
1759702,2.00,2.00
1759703,13.00,12.00
1759705,6.00,3.00
1759707,5.00,4.00
1759709,19.00,16.00
1759711,12.00,11.00
1759712,2.00,3.00
1759713,42.00,35.00
1759714,3.00,5.00
1759715,22.00,20.00
1759717,37.00,23.00
1759718,124.00,128.00
1759720,11.00,9.00
1759722,234.00,213.00
1759723,14.00,12.00
1759724,24.00,22.00
1759725,6.00,4.00
1759726,138.00,124.00
1759727,7.00,5.00
1759728,1896.00,1885.00
1759729,5.00,4.00
1759730,9.00,10.00
1759732,28.00,31.00
1759733,1.00,1.00
1759734,556.00,518.00
1759735,29.00,16.00
1759736,78.00,68.00
1759738,4.00,3.00
1759739,36.00,30.00
1759740,224.00,213.00
1759741,54.00,44.00
1759742,14.00,21.00
1759744,13.00,15.00
1759745,12.00,10.00
1759746,684.00,663.00
1759747,8.00,4.00
1759749,5.00,1.00
1759751,2.00,1.00
1759753,96.00,85.00
1759755,5.00,4.00
1759757,5.00,1.00
1759759,8.00,1.00
1759761,9.00,5.00
1759762,4.00,5.00
1759763,4.00,3.00
1759764,16.00,5.00
1759765,9.00,7.00
1759766,3.00,2.00
1759767,3.00,1.00
1759768,13.00,15.00
1759769,3.00,1.00
1759770,745.00,697.00
1759772,20.00,21.00
1759773,3.00,1.00
1759775,3.00,2.00
1759776,1.00,3.00
1759777,7.00,7.00
1759778,3.00,1.00
1759779,6.00,3.00
1759780,18.00,12.00
1759781,3.00,1.00
1759782,15.00,15.00
1759783,3.00,1.00
1759784,5.00,5.00
1759786,2.00,2.00
1759788,8.00,10.00
1759789,16.00,13.00
1759790,13.00,15.00
1759792,3.00,2.00
1759793,3.00,1.00
1759794,15.00,15.00
1759796,1.00,3.00
1759797,36.00,34.00
1759798,3.00,2.00
1759799,16.00,6.00
1759800,36.00,34.00
1759801,7.00,6.00
1759802,24.00,25.00
1759803,9.00,8.00
1759804,17.00,20.00
1759805,80.00,72.00
1759806,8.00,10.00
1759807,5.00,4.00
1759808,1038.00,967.00
1759810,10.00,8.00
1759812,25.00,19.00
1759813,5.00,1.00
1759814,5.00,5.00
1759815,5.00,1.00
1759816,5.00,4.00
1759817,5.00,1.00
1759823,5.00,2.00
1759825,7.00,5.00
1759826,33.00,31.00
1759827,8.00,6.00
1759828,39.00,31.00
1759829,8.00,6.00
1759831,6.00,2.00
1759833,6.00,1.00
1759836,121.00,106.00
1759837,7.00,3.00
1759838,101.00,100.00
1759840,5.00,7.00
1759841,8.00,6.00
1759842,100.00,102.00
1759843,3.00,2.00
1759845,18.00,10.00
1759846,6.00,8.00
1759849,4.00,1.00
1759850,1.00,5.00
1759851,3.00,1.00
1759853,29.00,27.00
1759854,5.00,5.00
1759855,6.00,2.00
1759856,74.00,70.00
1759857,10.00,7.00
1759858,5.00,6.00
1759859,6.00,1.00
1759860,2.00,2.00
1759861,7.00,2.00
1759862,3.00,4.00
1759863,9.00,1.00
1759864,2.00,3.00
1759865,15.00,2.00
1759866,2.00,3.00
1759867,8.00,2.00
1759868,26.00,24.00
1759869,8.00,1.00
1759870,2.00,2.00
1759871,7.00,6.00
1759872,3.00,6.00
1759873,7.00,5.00
1759874,13.00,14.00
1759875,21.00,8.00
1759876,10.00,10.00
1759877,7.00,2.00
1759878,8.00,23.00
1759879,16.00,16.00
1759881,2.00,1.00
1759882,60.00,61.00
1759883,11.00,9.00
1759884,10.00,10.00
1759885,11.00,8.00
1759886,2.00,2.00
1759887,9.00,7.00
1759888,10.00,12.00
1759889,35.00,31.00
1759890,3.00,1.00
1759892,1.00,1.00
1759893,3.00,1.00
1759894,2.00,2.00
1759896,14.00,8.00
1759897,393.00,352.00
1759898,17.00,20.00
1759899,3.00,1.00
1759900,17.00,15.00
1759901,95.00,88.00
1759902,13.00,16.00
1759903,5.00,3.00
1759904,5.00,7.00
1759905,52.00,48.00
1759907,179.00,165.00
1759909,216.00,192.00
1759910,18.00,15.00
1759911,8.00,6.00
1759913,6.00,5.00
1759914,8.00,10.00
1759915,12.00,10.00
1759917,21.00,20.00
1759919,8.00,7.00
1759921,33.00,38.00
1759922,29.00,29.00
1759923,2.00,2.00
1759925,11.00,10.00
1759926,17.00,16.00
1759928,5.00,5.00
1759929,9.00,14.00
1759930,17.00,15.00
1759931,3.00,2.00
1759932,4.00,5.00
1759934,7.00,11.00
1759935,41.00,39.00
1759936,6.00,11.00
1759939,49.00,51.00
1759940,13.00,14.00
1759942,3.00,3.00
1759943,15.00,13.00
1759944,11.00,11.00
1759945,40.00,40.00
1759946,6.00,5.00
1759947,59.00,58.00
1759949,13.00,13.00
1759951,4.00,3.00
1759952,8.00,8.00
1759954,10.00,13.00
1759955,28.00,23.00
1759956,184.00,181.00
1759957,42.00,40.00
1759958,23.00,15.00
1759959,10.00,9.00
1759960,55.00,55.00
1759961,128.00,123.00
1759962,2.00,4.00
1759963,10.00,14.00
1759964,186.00,174.00
1759965,36.00,42.00
1759966,7.00,5.00
1759968,8.00,12.00
1759970,6.00,11.00
1759971,4.00,2.00
1759972,1.00,1.00
1759974,3.00,3.00
1759975,30.00,29.00
1759978,29.00,17.00
1759981,2.00,2.00
1759982,1.00,2.00
1759984,2.00,3.00
1759985,9.00,8.00
1759986,3.00,5.00
1759988,4.00,3.00
1759989,52.00,66.00
1759990,25.00,32.00
1759991,92.00,107.00
1759992,2493.00,2359.00
1759996,1.00,1.00
1759997,46.00,44.00
1759998,55.00,44.00
1759999,24.00,21.00
