Compras,Ventas
435.00,398.00
803.00,703.00
785.00,674.00
112.00,102.00
530.00,450.00
28.00,118.00
2052.00,2028.00
40.00,42.00
30.00,27.00
293.00,284.00
202.00,202.00
451.00,451.00
640.00,479.00
10.00,5.00
27.00,23.00
72.00,75.00
9.00,7.00
1.00,1.00
1.00,1.00
3.00,2.00
45.00,42.00
5.00,3.00
7.00,7.00
58.00,54.00
31.00,30.00
20.00,14.00
2.00,2.00
20.00,18.00
45.00,46.00
40.00,38.00
6.00,4.00
12.00,11.00
2.00,1.00
9.00,4.00
237.00,244.00
219.00,221.00
295.00,244.00
772.00,756.00
2251.00,2134.00
50.00,50.00
52.00,52.00
14.00,11.00
11.00,8.00
1.00,2.00
4.00,2.00
58.00,44.00
336.00,339.00
3.00,2.00
53.00,63.00
6.00,4.00
318.00,296.00
131.00,131.00
256.00,256.00
780.00,778.00
1234.00,1234.00
861.00,861.00
195.00,177.00
13.00,13.00
264.00,239.00
285.00,292.00
10.00,6.00
30.00,24.00
23.00,23.00
444.00,476.00
26.00,12.00
5378.00,5198.00
1593.00,1527.00
2302.00,2263.00
283.00,266.00
16.00,14.00
664.00,656.00
4419.00,4225.00
1183.00,1160.00
180.00,180.00
260.00,275.00
325.00,340.00
25.00,30.00
265.00,255.00
11.00,11.00
5.00,2.00
9.00,9.00
8.00,8.00
2.00,1.00
15.00,9.00
42.00,38.00
12.00,12.00
10.00,8.00
94.00,86.00
11.00,7.00
195.00,187.00
45.00,47.00
12.00,12.00
3.00,2.00
4.00,2.00
3.00,2.00
7.00,4.00
131.00,123.00
52.00,51.00
331.00,330.00
267.00,264.00
56.00,50.00
43.00,35.00
7.00,4.00
21.00,18.00
35.00,34.00
20.00,17.00
471.00,447.00
179.00,169.00
175.00,161.00
143.00,126.00
60.00,35.00
54.00,48.00
138.00,138.00
27.00,24.00
5.00,2.00
240.00,212.00
1261.00,1265.00
165.00,104.00
14384.00,13680.00
6585.00,6526.00
12638.00,11880.00
9656.00,9201.00
2960.00,2787.00
1041.00,970.00
681.00,631.00
1113.00,1063.00
1068.00,996.00
2953.00,2853.00
4276.00,4079.00
1894.00,1807.00
1379.00,1370.00
427.00,393.00
262.00,156.00
198.00,190.00
9.00,8.00
12.00,9.00
10.00,7.00
490.00,548.00
14.00,12.00
9.00,8.00
50.00,50.00
33.00,34.00
2253.00,2223.00
611.00,608.00
175.00,185.00
3.00,1.00
6.00,5.00
7.00,5.00
8.00,6.00
3.00,1.00
7.00,7.00
2.00,1.00
174.00,168.00
3.00,1.00
32.00,32.00
13.00,11.00
5.00,5.00
40.00,42.00
64.00,66.00
26.00,24.00
14.00,16.00
31.00,29.00
17.00,21.00
31.00,35.00
86.00,81.00
42.00,42.00
148.00,169.00
117.00,112.00
144.00,154.00
118.00,129.00
1219.00,1153.00
97.00,103.00
15.00,11.00
564.00,568.00
256.00,238.00
348.00,342.00
220.00,203.00
157.00,152.00
258.00,232.00
212.00,198.00
367.00,327.00
86.00,81.00
45.00,44.00
52.00,54.00
11.00,14.00
18.00,18.00
13.00,16.00
13.00,9.00
26.00,16.00
21.00,15.00
45.00,40.00
32.00,25.00
57.00,53.00
164.00,156.00
27.00,25.00
23.00,17.00
36.00,35.00
57.00,48.00
123.00,105.00
923.00,802.00
720.00,718.00
668.00,667.00
154.00,142.00
213.00,187.00
12.00,5.00
6.00,2.00
46.00,33.00
19.00,18.00
112.00,101.00
66.00,56.00
33.00,30.00
42.00,41.00
17.00,4.00
5.00,7.00
1623.00,1605.00
1150.00,1123.00
242.00,246.00
238.00,237.00
59.00,60.00
507.00,506.00
7202.00,7057.00
155.00,172.00
6799.00,6787.00
333.00,335.00
1252.00,1241.00
102.00,100.00
48.00,48.00
20.00,18.00
15.00,12.00
17.00,12.00
20.00,14.00
20.00,11.00
27.00,24.00
41.00,36.00
10.00,2.00
25.00,18.00
57.00,51.00
373.00,341.00
212.00,200.00
98.00,94.00
38.00,43.00
147.00,138.00
2257.00,2139.00
46.00,27.00
3262.00,3060.00
491.00,425.00
1054.00,995.00
483.00,464.00
258.00,244.00
19.00,14.00
344.00,364.00
5.00,4.00
3.00,1.00
2.00,2.00
2.00,2.00
2.00,2.00
9.00,6.00
28.00,21.00
51.00,47.00
9.00,9.00
8.00,10.00
2.00,1.00
8.00,1.00
3045.00,2860.00
320.00,276.00
111.00,110.00
418.00,402.00
1125.00,1045.00
354.00,335.00
254.00,135.00
263.00,223.00
6.00,5.00
1.00,1.00
165.00,145.00
67.00,57.00
15.00,15.00
277.00,274.00
121.00,110.00
200.00,195.00
661.00,612.00
451.00,320.00
15.00,15.00
114.00,114.00
232.00,212.00
939.00,837.00
735.00,622.00
407.00,404.00
197.00,205.00
145.00,132.00
56.00,43.00
99.00,86.00
100.00,27.00
1245.00,1116.00
2420.00,2007.00
100.00,96.00
113.00,104.00
1211.00,1170.00
4349.00,4104.00
15921.00,14195.00
7387.00,6809.00
7530.00,5022.00
67129.00,63601.00
19525.00,18725.00
7854.00,7301.00
14611.00,13587.00
4950.00,4233.00
22408.00,21930.00
35129.00,33293.00
3603.00,3380.00
25596.00,25361.00
36166.00,34408.00
4003.00,4103.00
14920.00,14753.00
23273.00,22535.00
1310.00,1212.00
10264.00,10377.00
874.00,667.00
1000.00,685.00
7526.00,7024.00
10821.00,10853.00
1950.00,1523.00
703.00,747.00
115.00,161.00
1351.00,1407.00
215.00,338.00
170.00,217.00
144.00,220.00
5427.00,5072.00
50.00,108.00
26744.00,26835.00
3166.00,2883.00
200.00,200.00
100.00,100.00
300.00,300.00
100.00,97.00
50.00,44.00
20.00,15.00
6.00,3.00
15.00,14.00
5.00,7.00
263.00,230.00
3290.00,3213.00
971.00,969.00
816.00,798.00
207.00,185.00
3966.00,3896.00
350.00,363.00
697.00,717.00
4.00,6.00
3.00,3.00
24.00,24.00
4.00,3.00
3.00,5.00
3.00,3.00
12.00,11.00
720.00,694.00
299.00,248.00
1411.00,1285.00
2273.00,2090.00
4581.00,4324.00
22089.00,20959.00
742.00,725.00
11644.00,10745.00
1032.00,937.00
18804.00,17507.00
2614.00,2562.00
7761.00,7155.00
2550.00,2431.00
1074.00,953.00
525.00,492.00
542.00,506.00
282.00,242.00
1749.00,1225.00
1158.00,708.00
4531.00,4022.00
1210.00,1123.00
23854.00,23987.00
3898.00,2985.00
6015.00,6060.00
1628.00,1337.00
15424.00,15307.00
2167.00,2074.00
1875.00,1762.00
475.00,244.00
14433.00,14520.00
552.00,258.00
754.00,451.00
463.00,250.00
5207.00,5058.00
234.00,108.00
362.00,321.00
359.00,114.00
11124.00,10768.00
237.00,209.00
176.00,34.00
209.00,128.00
1545.00,1444.00
218.00,60.00
372.00,121.00
12.00,16.00
6496.00,6535.00
111.00,111.00
102.00,85.00
420.00,536.00
65.00,81.00
2445.00,3446.00
791.00,831.00
704.00,690.00
122.00,154.00
2760.00,2995.00
1911.00,1805.00
309.00,324.00
51.00,68.00
5356.00,5502.00
168.00,182.00
25.00,47.00
12.00,134.00
1880.00,1794.00
47.00,87.00
19.00,38.00
10.00,48.00
2171.00,2311.00
15.00,37.00
29.00,53.00
235.00,283.00
8.00,28.00
6.00,17.00
13.00,27.00
516.00,595.00
4.00,6.00
214.00,212.00
4.00,2.00
39.00,41.00
3.00,7.00
36.00,35.00
30.00,30.00
2.00,4.00
9.00,9.00
1.00,1.00
1.00,0.00
3.00,1.00
28.00,27.00
5.00,4.00
80.00,77.00
42.00,39.00
2.00,1.00
45.00,45.00
75.00,76.00
10.00,10.00
200.00,184.00
13.00,15.00
8.00,5.00
220.00,199.00
281.00,282.00
176.00,171.00
81.00,68.00
6.00,6.00
20.00,9.00
10.00,9.00
5.00,3.00
58.00,59.00
45.00,45.00
21.00,20.00
6.00,8.00
6.00,6.00
20.00,20.00
40.00,12.00
25.00,3.00
90.00,82.00
366.00,375.00
218.00,237.00
265.00,230.00
31.00,35.00
3.00,1.00
5.00,5.00
11.00,8.00
666.00,656.00
1176.00,1125.00
107.00,105.00
15.00,12.00
33.00,37.00
900.00,903.00
48.00,44.00
832.00,825.00
2.00,1.00
36.00,34.00
3.00,2.00
2.00,1.00
1.00,1.00
393.00,399.00
1416.00,1287.00
856.00,869.00
2018.00,1940.00
913.00,840.00
1267.00,1216.00
1102.00,1135.00
505.00,552.00
1278.00,1220.00
809.00,816.00
369.00,324.00
825.00,845.00
184.00,200.00
599.00,567.00
388.00,382.00
492.00,480.00
257.00,223.00
301.00,219.00
1581.00,1439.00
1256.00,1085.00
326.00,274.00
2315.00,2166.00
3007.00,2896.00
40.00,56.00
89.00,105.00
603.00,858.00
2327.00,2482.00
3017.00,3322.00
1042.00,1237.00
3090.00,3066.00
751.00,685.00
238.00,266.00
2000.00,2195.00
593.00,670.00
316.00,443.00
32.00,19.00
75.00,63.00
119.00,104.00
159.00,139.00
79.00,64.00
16.00,10.00
51.00,45.00
7.00,5.00
12.00,4.00
961.00,999.00
5254.00,5527.00
239.00,262.00
60.00,60.00
6.00,6.00
225.00,218.00
71.00,70.00
122.00,120.00
137.00,129.00
67.00,67.00
76.00,72.00
70.00,70.00
24.00,27.00
9.00,6.00
4.00,4.00
1.00,2.00
1.00,1.00
22.00,25.00
9.00,11.00
2.00,3.00
21.00,24.00
1.00,1.00
3.00,3.00
59.00,51.00
88.00,84.00
36.00,31.00
12.00,12.00
2.00,2.00
1336.00,1366.00
3592.00,3471.00
106.00,45.00
27.00,27.00
27.00,27.00
3.00,3.00
6.00,5.00
1.00,1.00
107.00,47.00
202.00,195.00
7.00,4.00
2.00,1.00
1.00,0.00
38.00,30.00
1.00,1.00
22.00,16.00
8.00,8.00
11.00,11.00
1.00,1.00
1.00,1.00
3.00,3.00
1.00,1.00
1.00,1.00
2.00,1.00
1.00,1.00
2.00,1.00
12.00,7.00
17.00,16.00
37.00,37.00
22.00,22.00
310.00,313.00
98.00,87.00
600.00,535.00
45.00,42.00
172.00,168.00
7991.00,7884.00
133.00,276.00
164.00,158.00
215.00,213.00
474.00,491.00
100.00,100.00
641.00,641.00
514.00,516.00
362.00,357.00
834.00,783.00
216.00,253.00
388.00,321.00
217.00,217.00
1166.00,1160.00
4569.00,4501.00
4.00,4.00
165.00,143.00
200.00,178.00
288.00,253.00
141.00,150.00
650.00,671.00
5.00,7.00
681.00,701.00
16.00,11.00
4.00,2.00
11.00,12.00
440.00,447.00
440.00,401.00
104.00,88.00
20.00,13.00
3.00,1.00
13.00,12.00
579.00,540.00
149.00,141.00
171.00,171.00
896.00,838.00
122.00,130.00
17.00,16.00
11.00,10.00
4.00,4.00
25.00,22.00
28.00,29.00
4.00,4.00
4.00,2.00
2.00,1.00
2.00,1.00
2.00,1.00
2.00,1.00
2.00,1.00
1.00,1.00
3.00,1.00
2.00,1.00
9.00,3.00
8.00,2.00
2.00,1.00
2.00,1.00
2.00,1.00
2.00,1.00
2.00,1.00
2.00,1.00
2.00,1.00
11.00,6.00
2.00,1.00
4.00,1.00
4.00,1.00
2.00,1.00
4.00,1.00
4.00,1.00
2.00,1.00
2.00,1.00
2.00,1.00
2.00,1.00
5.00,1.00
6.00,2.00
7.00,2.00
3.00,2.00
2.00,1.00
6.00,1.00
6.00,2.00
5.00,2.00
8.00,4.00
3.00,1.00
4.00,2.00
4.00,2.00
2.00,1.00
6.00,2.00
7.00,2.00
7.00,3.00
6.00,2.00
3.00,0.00
5.00,1.00
4.00,1.00
4.00,2.00
5.00,2.00
6.00,2.00
6.00,2.00
3.00,1.00
5.00,2.00
3.00,1.00
6.00,3.00
2.00,1.00
11.00,5.00
2.00,1.00
2.00,1.00
5.00,2.00
5.00,2.00
3.00,1.00
6.00,3.00
4.00,2.00
5.00,3.00
3.00,1.00
2.00,1.00
2.00,1.00
2.00,1.00
2.00,1.00
3.00,2.00
2.00,1.00
5.00,2.00
5.00,2.00
2.00,1.00
2.00,1.00
3.00,1.00
3.00,1.00
10.00,6.00
2.00,1.00
2.00,2.00
4.00,2.00
3.00,2.00
16.00,9.00
8.00,4.00
3.00,1.00
4.00,2.00
4.00,2.00
5.00,2.00
7.00,3.00
3.00,1.00
3.00,1.00
3.00,2.00
3.00,1.00
6.00,1.00
6.00,1.00
2.00,1.00
2.00,1.00
4.00,3.00
9.00,5.00
2.00,1.00
2.00,1.00
1.00,1.00
2.00,1.00
2.00,1.00
6.00,2.00
4.00,1.00
5.00,2.00
4.00,1.00
11.00,4.00
23.00,12.00
3.00,1.00
4.00,2.00
4.00,2.00
4.00,1.00
2.00,0.00
2.00,1.00
4.00,2.00
4.00,3.00
5.00,2.00
2.00,1.00
2.00,1.00
2.00,1.00
31.00,25.00
8.00,5.00
11.00,11.00
5.00,3.00
11.00,7.00
5.00,3.00
4.00,2.00
2.00,1.00
3.00,2.00
18.00,8.00
7.00,4.00
4.00,1.00
4.00,2.00
2.00,1.00
2.00,1.00
4.00,1.00
8.00,4.00
3.00,1.00
9.00,5.00
2.00,1.00
2.00,1.00
2.00,1.00
2.00,1.00
4.00,1.00
3.00,1.00
2.00,1.00
8.00,2.00
10.00,6.00
6.00,6.00
2.00,1.00
6.00,4.00
2.00,1.00
10.00,7.00
6.00,3.00
12.00,6.00
5.00,4.00
6.00,6.00
3.00,1.00
3.00,1.00
3.00,1.00
3.00,1.00
3.00,1.00
5.00,2.00
3.00,1.00
3.00,1.00
6.00,3.00
4.00,3.00
2.00,2.00
15.00,8.00
3.00,2.00
5.00,3.00
4.00,2.00
2.00,1.00
5.00,5.00
3.00,2.00
4.00,2.00
3.00,2.00
4.00,1.00
3.00,1.00
3.00,1.00
3.00,1.00
3.00,1.00
3.00,1.00
3.00,1.00
6.00,4.00
8.00,1.00
12.00,7.00
15.00,9.00
2.00,1.00
5.00,4.00
2.00,1.00
2.00,1.00
21.00,17.00
40.00,26.00
2.00,1.00
5.00,3.00
8.00,4.00
4.00,3.00
4.00,2.00
4.00,2.00
6.00,3.00
140.00,116.00
3.00,1.00
2.00,1.00
3.00,1.00
3.00,1.00
3.00,1.00
1.00,1.00
2.00,1.00
5.00,1.00
11.00,7.00
4.00,3.00
3.00,3.00
16.00,13.00
3.00,2.00
14.00,10.00
4.00,1.00
3.00,1.00
3.00,2.00
5.00,1.00
2.00,2.00
2.00,1.00
2.00,1.00
2.00,1.00
20.00,12.00
6.00,4.00
3.00,2.00
5.00,1.00
4.00,2.00
4.00,3.00
2.00,1.00
7.00,4.00
3.00,1.00
3.00,2.00
4.00,2.00
6.00,1.00
6.00,4.00
4.00,2.00
3.00,2.00
12.00,6.00
6.00,5.00
20.00,15.00
4.00,2.00
6.00,3.00
4.00,2.00
11.00,8.00
2.00,1.00
5.00,3.00
5.00,4.00
5.00,3.00
2.00,1.00
10.00,6.00
4.00,2.00
30.00,5.00
38.00,24.00
6.00,2.00
10.00,8.00
11.00,7.00
6.00,5.00
6.00,2.00
13.00,8.00
13.00,9.00
12.00,3.00
36.00,23.00
20.00,2.00
21.00,4.00
10.00,3.00
21.00,17.00
289.00,265.00
227.00,208.00
25.00,20.00
24.00,19.00
65.00,41.00
4.00,3.00
25.00,25.00
34.00,30.00
39.00,37.00
14.00,6.00
121.00,106.00
10.00,1.00
18.00,13.00
10.00,4.00
10.00,2.00
15.00,11.00
6.00,1.00
5.00,3.00
6.00,3.00
3.00,1.00
6.00,4.00
20.00,20.00
7.00,4.00
2.00,1.00
6.00,2.00
19.00,12.00
5.00,4.00
3.00,3.00
12.00,9.00
14.00,12.00
53.00,47.00
16.00,15.00
310.00,264.00
12.00,10.00
6.00,2.00
8.00,1.00
8.00,8.00
5.00,3.00
173.00,162.00
87.00,77.00
9.00,4.00
115.00,94.00
7.00,5.00
6.00,3.00
9.00,8.00
9.00,8.00
38.00,32.00
188.00,178.00
18.00,12.00
48.00,33.00
11.00,7.00
26.00,26.00
12.00,11.00
19.00,11.00
36.00,30.00
77.00,63.00
39.00,39.00
6.00,3.00
23.00,20.00
7.00,1.00
25.00,20.00
4.00,2.00
6.00,3.00
2.00,2.00
18.00,15.00
5.00,1.00
3.00,1.00
21.00,2.00
20.00,7.00
289.00,256.00
18.00,3.00
13.00,4.00
10.00,2.00
11.00,5.00
19.00,2.00
5.00,2.00
5.00,2.00
3.00,2.00
8.00,6.00
248.00,248.00
50.00,40.00
10.00,2.00
33.00,28.00
189.00,189.00
15.00,12.00
185.00,177.00
31.00,13.00
10.00,1.00
13.00,1.00
6.00,4.00
9.00,5.00
163.00,144.00
203.00,175.00
352.00,293.00
37.00,30.00
12.00,8.00
28.00,19.00
13.00,12.00
19.00,12.00
36.00,26.00
12.00,5.00
12.00,4.00
45.00,33.00
17.00,13.00
14.00,2.00
28.00,17.00
5.00,3.00
12.00,8.00
31.00,17.00
27.00,21.00
23.00,18.00
20.00,14.00
15.00,7.00
15.00,11.00
15.00,4.00
20.00,18.00
18.00,11.00
16.00,7.00
10.00,1.00
58.00,50.00
19.00,11.00
10.00,9.00
7.00,5.00
8.00,6.00
8.00,6.00
5.00,2.00
12.00,8.00
25.00,20.00
12.00,7.00
24.00,22.00
12.00,1.00
7.00,3.00
27.00,21.00
7.00,3.00
13.00,3.00
266.00,209.00
13.00,3.00
19.00,7.00
20.00,6.00
7.00,5.00
7.00,5.00
124.00,107.00
7.00,7.00
6.00,2.00
8.00,5.00
12.00,1.00
6.00,1.00
20.00,14.00
5.00,1.00
10.00,1.00
13.00,6.00
12.00,1.00
12.00,4.00
12.00,4.00
22.00,16.00
12.00,4.00
6.00,1.00
6.00,1.00
5.00,3.00
3.00,1.00
5.00,1.00
4.00,3.00
8.00,4.00
16.00,14.00
6.00,1.00
13.00,4.00
7.00,4.00
8.00,4.00
6.00,3.00
6.00,1.00
14.00,14.00
17.00,13.00
7.00,3.00
12.00,3.00
12.00,4.00
79.00,60.00
15.00,11.00
7.00,3.00
26.00,24.00
20.00,14.00
12.00,2.00
13.00,7.00
10.00,8.00
20.00,16.00
17.00,13.00
6.00,5.00
8.00,7.00
12.00,3.00
7.00,1.00
6.00,1.00
6.00,3.00
7.00,5.00
5.00,3.00
5.00,2.00
12.00,5.00
5.00,1.00
6.00,3.00
10.00,10.00
15.00,10.00
4.00,3.00
321.00,280.00
22.00,15.00
26.00,25.00
24.00,21.00
14.00,11.00
5.00,3.00
2.00,1.00
16.00,12.00
39.00,34.00
3.00,1.00
68.00,62.00
41.00,33.00
43.00,41.00
56.00,41.00
34.00,29.00
262.00,204.00
7.00,5.00
13.00,9.00
8.00,8.00
3.00,3.00
17.00,9.00
6.00,3.00
6.00,1.00
3.00,1.00
7.00,2.00
28.00,20.00
73.00,56.00
3.00,2.00
4.00,3.00
4.00,3.00
2.00,1.00
2.00,1.00
6.00,1.00
14.00,12.00
12.00,9.00
17.00,13.00
12.00,9.00
12.00,12.00
7.00,6.00
12.00,10.00
5.00,3.00
4.00,1.00
4.00,1.00
4.00,1.00
8.00,7.00
4.00,3.00
67.00,55.00
20.00,13.00
47.00,36.00
33.00,22.00
4.00,1.00
68.00,53.00
14.00,8.00
4.00,2.00
7.00,1.00
95.00,85.00
4.00,2.00
3.00,2.00
8.00,6.00
4.00,1.00
5.00,2.00
11.00,7.00
9.00,7.00
6.00,4.00
5.00,4.00
504.00,472.00
4.00,3.00
41.00,39.00
20.00,14.00
6.00,5.00
4.00,1.00
7.00,2.00
10.00,6.00
3.00,1.00
13.00,9.00
13.00,10.00
11.00,10.00
20.00,15.00
8.00,4.00
13.00,9.00
36.00,32.00
15.00,10.00
2.00,1.00
16.00,14.00
24.00,19.00
4.00,1.00
9.00,5.00
6.00,4.00
4.00,1.00
4.00,1.00
5.00,1.00
15.00,10.00
8.00,1.00
10.00,6.00
4.00,3.00
8.00,4.00
4.00,2.00
7.00,7.00
3.00,1.00
11.00,10.00
2.00,1.00
20.00,12.00
5.00,4.00
321.00,311.00
8.00,3.00
3.00,3.00
22.00,18.00
2.00,1.00
8.00,3.00
9.00,4.00
6.00,1.00
57.00,57.00
42.00,37.00
10.00,7.00
31.00,28.00
8.00,4.00
2.00,1.00
25.00,18.00
18.00,16.00
6.00,4.00
27.00,24.00
22.00,17.00
28.00,24.00
38.00,35.00
3.00,1.00
130.00,120.00
9.00,5.00
3.00,1.00
14.00,13.00
14.00,10.00
15.00,11.00
7.00,4.00
5.00,2.00
7.00,4.00
5.00,2.00
34.00,29.00
12.00,9.00
37.00,31.00
7.00,5.00
6.00,3.00
6.00,2.00
14.00,6.00
6.00,2.00
25.00,13.00
38.00,30.00
9.00,5.00
4.00,2.00
6.00,2.00
6.00,4.00
254.00,230.00
146.00,129.00
39.00,34.00
219.00,181.00
28.00,28.00
87.00,86.00
5.00,3.00
4.00,3.00
5.00,3.00
16.00,12.00
7.00,4.00
11.00,8.00
44.00,14.00
9.00,6.00
4.00,1.00
4.00,2.00
11.00,10.00
22.00,16.00
15.00,12.00
40.00,24.00
32.00,27.00
13.00,10.00
14.00,9.00
11.00,8.00
26.00,21.00
4.00,1.00
7.00,5.00
11.00,5.00
8.00,5.00
8.00,7.00
4.00,3.00
67.00,67.00
7.00,6.00
12.00,10.00
4.00,1.00
12.00,10.00
2.00,1.00
13.00,7.00
4.00,2.00
5.00,1.00
5.00,1.00
6.00,2.00
2.00,1.00
100.00,1.00
8.00,5.00
15.00,9.00
11.00,8.00
11.00,10.00
15.00,3.00
10.00,7.00
13.00,9.00
3.00,1.00
3.00,1.00
5.00,5.00
7.00,4.00
15.00,12.00
20.00,17.00
5.00,2.00
9.00,6.00
3.00,1.00
8.00,4.00
8.00,8.00
5.00,2.00
10.00,7.00
12.00,9.00
5.00,2.00
4.00,1.00
27.00,22.00
4.00,1.00
3.00,1.00
3.00,1.00
5.00,2.00
6.00,3.00
4.00,4.00
4.00,2.00
9.00,6.00
4.00,2.00
17.00,16.00
6.00,5.00
18.00,10.00
3.00,1.00
6.00,3.00
7.00,3.00
8.00,5.00
3.00,1.00
8.00,7.00
6.00,5.00
13.00,10.00
32.00,27.00
47.00,38.00
11.00,9.00
20.00,16.00
29.00,27.00
29.00,26.00
3.00,3.00
26.00,21.00
7.00,6.00
7.00,6.00
3.00,1.00
3.00,1.00
3.00,1.00
8.00,7.00
5.00,4.00
1.00,1.00
1.00,1.00
14.00,10.00
10.00,6.00
18.00,10.00
8.00,6.00
9.00,5.00
3.00,1.00
11.00,6.00
4.00,3.00
4.00,3.00
3.00,1.00
8.00,6.00
10.00,6.00
5.00,2.00
5.00,2.00
5.00,3.00
5.00,2.00
5.00,1.00
5.00,1.00
9.00,6.00
16.00,11.00
7.00,5.00
2.00,2.00
63.00,35.00
9.00,3.00
5.00,2.00
53.00,53.00
8.00,5.00
3.00,2.00
3.00,1.00
3.00,1.00
3.00,1.00
3.00,1.00
3.00,1.00
3.00,1.00
3.00,1.00
6.00,3.00
5.00,3.00
3.00,1.00
2.00,1.00
5.00,4.00
8.00,6.00
1.00,1.00
14.00,9.00
15.00,14.00
15.00,12.00
10.00,7.00
9.00,7.00
61.00,54.00
18.00,13.00
373.00,369.00
48.00,28.00
11.00,6.00
11.00,8.00
18.00,11.00
32.00,25.00
11.00,6.00
16.00,10.00
3.00,1.00
4.00,1.00
10.00,6.00
38.00,27.00
3.00,2.00
3.00,2.00
7.00,5.00
24.00,22.00
10.00,6.00
29.00,14.00
10.00,5.00
23.00,17.00
23.00,17.00
8.00,3.00
2.00,1.00
7.00,5.00
5.00,1.00
4.00,1.00
7.00,4.00
37.00,28.00
4.00,2.00
44.00,35.00
4.00,2.00
4.00,1.00
3.00,1.00
2.00,1.00
80.00,63.00
1.00,1.00
4.00,2.00
2.00,1.00
3.00,2.00
37.00,35.00
46.00,25.00
1.00,1.00
14.00,7.00
21.00,16.00
1.00,1.00
4.00,2.00
6.00,3.00
5.00,3.00
4.00,2.00
13.00,12.00
6.00,2.00
8.00,8.00
10.00,1.00
7.00,4.00
20.00,18.00
22.00,17.00
4.00,1.00
4.00,1.00
5.00,4.00
9.00,6.00
9.00,8.00
23.00,15.00
36.00,23.00
12.00,10.00
3.00,3.00
7.00,5.00
8.00,6.00
3.00,1.00
3.00,1.00
31.00,26.00
5.00,3.00
11.00,8.00
14.00,10.00
3.00,2.00
20.00,16.00
24.00,20.00
34.00,30.00
29.00,25.00
35.00,31.00
7.00,4.00
28.00,23.00
31.00,27.00
29.00,25.00
24.00,20.00
5.00,3.00
14.00,12.00
16.00,15.00
13.00,7.00
3.00,1.00
34.00,22.00
18.00,12.00
18.00,10.00
2.00,1.00
3.00,2.00
8.00,3.00
11.00,6.00
58.00,52.00
64.00,52.00
2.00,1.00
8.00,4.00
6.00,4.00
36.00,30.00
4.00,4.00
8.00,3.00
4.00,4.00
31.00,20.00
16.00,13.00
24.00,17.00
74.00,62.00
22.00,16.00
13.00,8.00
24.00,8.00
5.00,2.00
7.00,5.00
11.00,6.00
5.00,4.00
4.00,1.00
9.00,5.00
4.00,2.00
41.00,31.00
25.00,20.00
3.00,1.00
3.00,2.00
13.00,9.00
2.00,1.00
8.00,5.00
9.00,6.00
10.00,7.00
14.00,9.00
45.00,40.00
192.00,153.00
8.00,5.00
18.00,13.00
3.00,2.00
6.00,2.00
4.00,2.00
4.00,2.00
20.00,12.00
8.00,7.00
8.00,6.00
13.00,11.00
3.00,1.00
5.00,3.00
13.00,7.00
46.00,31.00
40.00,35.00
5.00,4.00
130.00,109.00
24.00,6.00
28.00,18.00
2.00,1.00
5.00,3.00
4.00,2.00
8.00,3.00
7.00,4.00
3.00,2.00
8.00,5.00
3.00,2.00
3.00,1.00
3.00,1.00
21.00,12.00
10.00,6.00
6.00,1.00
37.00,27.00
5.00,1.00
9.00,8.00
2.00,1.00
2.00,1.00
3.00,1.00
3.00,1.00
5.00,2.00
3.00,1.00
7.00,5.00
7.00,5.00
6.00,3.00
7.00,5.00
3.00,1.00
9.00,8.00
3.00,2.00
7.00,4.00
89.00,68.00
28.00,20.00
26.00,21.00
68.00,55.00
3.00,1.00
3.00,1.00
6.00,2.00
3.00,1.00
3.00,1.00
50.00,38.00
5.00,2.00
11.00,8.00
9.00,6.00
9.00,5.00
8.00,4.00
4.00,2.00
3.00,1.00
13.00,9.00
3.00,2.00
6.00,4.00
8.00,5.00
8.00,5.00
9.00,6.00
12.00,8.00
14.00,10.00
7.00,6.00
13.00,9.00
18.00,11.00
13.00,9.00
21.00,10.00
21.00,14.00
21.00,10.00
25.00,14.00
19.00,10.00
11.00,7.00
9.00,7.00
11.00,8.00
25.00,6.00
25.00,8.00
25.00,6.00
14.00,4.00
6.00,3.00
3.00,3.00
4.00,2.00
4.00,2.00
4.00,4.00
7.00,5.00
28.00,21.00
1.00,1.00
16.00,5.00
17.00,10.00
3.00,1.00
23.00,14.00
2.00,1.00
6.00,4.00
14.00,9.00
11.00,10.00
10.00,7.00
4.00,2.00
8.00,5.00
5.00,3.00
9.00,6.00
6.00,2.00
5.00,3.00
9.00,6.00
8.00,6.00
16.00,11.00
5.00,4.00
13.00,9.00
21.00,13.00
5.00,3.00
11.00,6.00
5.00,3.00
8.00,4.00
10.00,2.00
7.00,5.00
5.00,3.00
15.00,5.00
4.00,4.00
8.00,6.00
5.00,3.00
2.00,1.00
5.00,2.00
3.00,1.00
3.00,1.00
54.00,42.00
5.00,3.00
30.00,24.00
19.00,15.00
22.00,11.00
7.00,4.00
3.00,2.00
5.00,2.00
3.00,1.00
5.00,5.00
16.00,12.00
3.00,1.00
4.00,2.00
5.00,3.00
3.00,1.00
4.00,2.00
3.00,1.00
3.00,1.00
20.00,13.00
11.00,7.00
10.00,6.00
3.00,1.00
37.00,33.00
25.00,21.00
1.00,1.00
6.00,6.00
5.00,1.00
2.00,1.00
3.00,1.00
4.00,2.00
12.00,7.00
5.00,3.00
4.00,2.00
17.00,5.00
5.00,1.00
8.00,3.00
3.00,1.00
25.00,23.00
8.00,6.00
5.00,3.00
5.00,2.00
2.00,1.00
7.00,4.00
3.00,1.00
9.00,5.00
10.00,5.00
3.00,2.00
8.00,3.00
7.00,3.00
6.00,3.00
7.00,3.00
7.00,4.00
10.00,7.00
16.00,16.00
59.00,48.00
6.00,3.00
2.00,1.00
5.00,2.00
7.00,4.00
4.00,2.00
4.00,2.00
4.00,2.00
3.00,1.00
4.00,2.00
3.00,3.00
3.00,2.00
3.00,2.00
4.00,4.00
6.00,5.00
89.00,61.00
17.00,13.00
10.00,8.00
4.00,3.00
8.00,6.00
2.00,1.00
15.00,6.00
5.00,2.00
2.00,2.00
5.00,3.00
19.00,16.00
4.00,3.00
3.00,1.00
3.00,2.00
5.00,1.00
10.00,7.00
4.00,2.00
9.00,4.00
3.00,2.00
34.00,29.00
2.00,1.00
16.00,14.00
189.00,169.00
91.00,91.00
22.00,16.00
6.00,3.00
6.00,3.00
7.00,2.00
28.00,22.00
4.00,1.00
8.00,6.00
8.00,6.00
4.00,1.00
8.00,7.00
11.00,6.00
18.00,13.00
5.00,2.00
14.00,10.00
3.00,1.00
3.00,1.00
4.00,1.00
8.00,4.00
3.00,2.00
4.00,2.00
2.00,2.00
2.00,1.00
3.00,1.00
35.00,28.00
18.00,14.00
5.00,3.00
8.00,5.00
80.00,80.00
13.00,8.00
3.00,2.00
3.00,1.00
5.00,1.00
14.00,6.00
7.00,3.00
4.00,2.00
1.00,1.00
2.00,2.00
4.00,2.00
11.00,6.00
4.00,2.00
6.00,3.00
8.00,3.00
3.00,1.00
3.00,1.00
3.00,1.00
3.00,1.00
8.00,4.00
22.00,17.00
55.00,31.00
16.00,12.00
2.00,1.00
7.00,6.00
2.00,1.00
30.00,26.00
4.00,2.00
4.00,2.00
21.00,1.00
9.00,1.00
35.00,25.00
77.00,66.00
3.00,2.00
3.00,2.00
3.00,1.00
7.00,6.00
9.00,8.00
27.00,17.00
12.00,7.00
14.00,7.00
3.00,1.00
4.00,2.00
2.00,1.00
3.00,1.00
3.00,1.00
3.00,1.00
4.00,1.00
4.00,1.00
3.00,1.00
3.00,1.00
6.00,4.00
3.00,1.00
3.00,2.00
4.00,2.00
3.00,2.00
3.00,1.00
3.00,2.00
10.00,8.00
4.00,2.00
5.00,1.00
5.00,1.00
7.00,4.00
3.00,1.00
2.00,0.00
12.00,9.00
4.00,1.00
4.00,2.00
3.00,1.00
6.00,4.00
2.00,1.00
28.00,20.00
2.00,1.00
2.00,1.00
4.00,3.00
8.00,4.00
8.00,6.00
5.00,2.00
9.00,7.00
7.00,5.00
3.00,2.00
5.00,3.00
3.00,1.00
3.00,2.00
8.00,5.00
5.00,2.00
3.00,2.00
3.00,2.00
5.00,3.00
2.00,1.00
3.00,2.00
5.00,3.00
5.00,3.00
5.00,4.00
108.00,68.00
31.00,17.00
15.00,7.00
6.00,2.00
10.00,4.00
4.00,2.00
5.00,1.00
3.00,1.00
2.00,1.00
4.00,2.00
4.00,2.00
1.00,1.00
3.00,3.00
15.00,9.00
3.00,1.00
3.00,3.00
10.00,1.00
3.00,1.00
45.00,25.00
4.00,1.00
3.00,2.00
4.00,1.00
3.00,2.00
2.00,1.00
16.00,15.00
2.00,1.00
5.00,4.00
31.00,31.00
2.00,1.00
2.00,1.00
6.00,3.00
5.00,2.00
110.00,70.00
5.00,1.00
5.00,5.00
4.00,2.00
5.00,3.00
23.00,18.00
27.00,8.00
8.00,5.00
15.00,11.00
16.00,16.00
4.00,1.00
7.00,3.00
13.00,3.00
2.00,1.00
2.00,1.00
2.00,1.00
5.00,4.00
5.00,2.00
7.00,4.00
3.00,1.00
17.00,21.00
16.00,18.00
18.00,17.00
6.00,9.00
4.00,3.00
4.00,2.00
5.00,2.00
701.00,647.00
7.00,4.00
8.00,7.00
22.00,20.00
15.00,12.00
9.00,7.00
10.00,7.00
1.00,3.00
226.00,176.00
177.00,146.00
759.00,703.00
1112.00,1092.00
64.00,48.00
111.00,106.00
58.00,51.00
39.00,32.00
7.00,6.00
14.00,10.00
25.00,24.00
27.00,27.00
96.00,96.00
2.00,4.00
394.00,393.00
7655.00,7287.00
3191.00,3121.00
810.00,810.00
1530.00,1391.00
977.00,938.00
946.00,967.00
638.00,613.00
299.00,298.00
32.00,45.00
12.00,11.00
4.00,4.00
2.00,1.00
2.00,2.00
6.00,4.00
11.00,9.00
4.00,4.00
3.00,3.00
7.00,7.00
1.00,1.00
8.00,8.00
1.00,1.00
2.00,2.00
1.00,1.00
6.00,5.00
6.00,11.00
3.00,3.00
1791.00,1746.00
1504.00,1406.00
7255.00,7082.00
477.00,468.00
397.00,396.00
595.00,577.00
1421.00,1297.00
2.00,3.00
149.00,141.00
1.00,2.00
25.00,22.00
1.00,4.00
66.00,57.00
314.00,318.00
173.00,170.00
71.00,73.00
33.00,29.00
4.00,0.00
3.00,3.00
4.00,5.00
2.00,1.00
142.00,134.00
29.00,30.00
2.00,2.00
50.00,30.00
37.00,20.00
25.00,10.00
7.00,4.00
19.00,19.00
3.00,1.00
9.00,6.00
930.00,965.00
2139.00,2199.00
495.00,480.00
827.00,824.00
487.00,488.00
337.00,356.00
56.00,101.00
118.00,128.00
67.00,89.00
153.00,149.00
178.00,163.00
25.00,11.00
21.00,10.00
2.00,2.00
352.00,336.00
461.00,454.00
880.00,868.00
321.00,306.00
455.00,397.00
16.00,6.00
16.00,14.00
721.00,734.00
158.00,181.00
200.00,450.00
50.00,1.00
1.00,1.00
677.00,639.00
678.00,663.00
11923.00,11540.00
1478.00,1572.00
90.00,94.00
621.00,565.00
4568.00,4408.00
2562.00,2465.00
9144.00,8878.00
1341.00,1394.00
26.00,98.00
26.00,44.00
11.00,36.00
3631.00,3517.00
242.00,234.00
1048.00,1071.00
18.00,14.00
49.00,66.00
90.00,88.00
8341.00,8101.00
661.00,634.00
46.00,64.00
3039.00,2821.00
5617.00,5435.00
7076.00,7114.00
80.00,89.00
701.00,640.00
578.00,566.00
22.00,69.00
130.00,133.00
255.00,254.00
538.00,515.00
1614.00,1397.00
2428.00,2328.00
703.00,647.00
120.00,89.00
10.00,6.00
510.00,488.00
426.00,436.00
28.00,23.00
14.00,13.00
313.00,285.00
6.00,3.00
8.00,5.00
6.00,4.00
10.00,5.00
7.00,6.00
66.00,60.00
8.00,2.00
561.00,514.00
367.00,347.00
111.00,105.00
10.00,9.00
56.00,43.00
12.00,2.00
12.00,3.00
24.00,22.00
14.00,10.00
568.00,544.00
5.00,2.00
13.00,8.00
216.00,206.00
67.00,54.00
14.00,2.00
40.00,14.00
10.00,4.00
11.00,11.00
20.00,14.00
207.00,199.00
8.00,6.00
10.00,6.00
17.00,12.00
297.00,273.00
200.00,170.00
6.00,4.00
55.00,42.00
46.00,34.00
41.00,29.00
66.00,52.00
28.00,23.00
6.00,4.00
56.00,48.00
8.00,3.00
17.00,12.00
17.00,11.00
72.00,62.00
24.00,15.00
54.00,42.00
107.00,99.00
5.00,2.00
32.00,25.00
22.00,21.00
53.00,40.00
10.00,6.00
24.00,14.00
17.00,14.00
6.00,3.00
25.00,22.00
19.00,15.00
52.00,41.00
20.00,5.00
26.00,15.00
35.00,22.00
10.00,6.00
10.00,6.00
15.00,10.00
5.00,3.00
15.00,12.00
32.00,32.00
27.00,24.00
46.00,42.00
7.00,4.00
7.00,4.00
6.00,5.00
43.00,41.00
18.00,6.00
23.00,6.00
14.00,6.00
41.00,38.00
9.00,8.00
119.00,118.00
152.00,132.00
40.00,32.00
35.00,31.00
27.00,14.00
56.00,44.00
39.00,31.00
31.00,28.00
22.00,16.00
37.00,25.00
12.00,10.00
20.00,12.00
12.00,2.00
10.00,4.00
10.00,4.00
14.00,2.00
8.00,4.00
5.00,3.00
12.00,8.00
10.00,2.00
22.00,13.00
11.00,6.00
193.00,173.00
29.00,25.00
27.00,22.00
140.00,98.00
7.00,4.00
7.00,2.00
10.00,7.00
3537.00,3082.00
3.00,2.00
193.00,163.00
26.00,14.00
66.00,57.00
30.00,23.00
17.00,11.00
12.00,9.00
31.00,23.00
14.00,10.00
14.00,10.00
5.00,2.00
6.00,4.00
4.00,1.00
5.00,2.00
16.00,12.00
9.00,6.00
342.00,326.00
151.00,141.00
10.00,7.00
12.00,7.00
10.00,7.00
12.00,8.00
18.00,14.00
8.00,5.00
33.00,28.00
9.00,6.00
13.00,11.00
10.00,8.00
241.00,210.00
32.00,26.00
157.00,142.00
25.00,23.00
41.00,39.00
10.00,3.00
4.00,2.00
13.00,11.00
8.00,3.00
77.00,60.00
11.00,6.00
64.00,34.00
11.00,2.00
17.00,13.00
852.00,768.00
21.00,20.00
34.00,29.00
15.00,7.00
16.00,10.00
58.00,29.00
24.00,18.00
40.00,37.00
8.00,4.00
30.00,24.00
3.00,2.00
13.00,10.00
8.00,4.00
15.00,11.00
29.00,24.00
26.00,16.00
23.00,16.00
7.00,5.00
5.00,4.00
9.00,8.00
51.00,46.00
27.00,23.00
21.00,13.00
5.00,5.00
5.00,3.00
172.00,158.00
68.00,56.00
26.00,19.00
10.00,7.00
17.00,16.00
5.00,2.00
39.00,33.00
12.00,10.00
604.00,531.00
84.00,79.00
34.00,34.00
39.00,35.00
80.00,64.00
5.00,2.00
5.00,1.00
17.00,15.00
6.00,1.00
15.00,9.00
4.00,1.00
8.00,7.00
12.00,8.00
43.00,33.00
10.00,9.00
17.00,14.00
24.00,22.00
13.00,11.00
19.00,16.00
9.00,5.00
2.00,1.00
12.00,8.00
14.00,8.00
8.00,2.00
25.00,19.00
49.00,48.00
7.00,2.00
16.00,8.00
17.00,13.00
61.00,55.00
24.00,20.00
11.00,8.00
6.00,2.00
56.00,53.00
33.00,28.00
12.00,7.00
8.00,4.00
5.00,2.00
5.00,1.00
4.00,2.00
5.00,2.00
107.00,87.00
13.00,3.00
18.00,2.00
10.00,6.00
15.00,8.00
12.00,4.00
6.00,6.00
13.00,12.00
4.00,1.00
11.00,11.00
5.00,3.00
4.00,4.00
9.00,7.00
14.00,8.00
11.00,6.00
10.00,8.00
10.00,7.00
7.00,3.00
6.00,2.00
40.00,40.00
6.00,2.00
6.00,2.00
5.00,3.00
10.00,1.00
7.00,4.00
11.00,9.00
17.00,15.00
4.00,1.00
13.00,8.00
4.00,2.00
4.00,1.00
8.00,1.00
25.00,13.00
4.00,1.00
9.00,1.00
37.00,28.00
35.00,11.00
90.00,70.00
11.00,6.00
9.00,1.00
15.00,12.00
15.00,13.00
8.00,7.00
11.00,9.00
6.00,5.00
13.00,9.00
9.00,5.00
7.00,2.00
19.00,19.00
14.00,12.00
7.00,3.00
10.00,10.00
4.00,2.00
6.00,3.00
7.00,1.00
25.00,19.00
10.00,8.00
12.00,9.00
11.00,6.00
10.00,7.00
12.00,5.00
119.00,114.00
14.00,8.00
13.00,10.00
14.00,12.00
21.00,4.00
10.00,1.00
12.00,9.00
10.00,7.00
5.00,4.00
18.00,12.00
8.00,4.00
52.00,40.00
5.00,4.00
11.00,10.00
116.00,119.00
12.00,10.00
6.00,7.00
70.00,78.00
4.00,3.00
2.00,2.00
7.00,6.00
85.00,85.00
46.00,49.00
17.00,18.00
80.00,86.00
75.00,60.00
94.00,67.00
61.00,58.00
16.00,7.00
107.00,91.00
4.00,7.00
12.00,14.00
2.00,7.00
16.00,13.00
153.00,157.00
4.00,4.00
2.00,3.00
3.00,4.00
6.00,6.00
6.00,6.00
6.00,6.00
1.00,1.00
15.00,16.00
16.00,15.00
9.00,11.00
12.00,15.00
4.00,2.00
1.00,1.00
4.00,1.00
5.00,7.00
4.00,2.00
3.00,1.00
8.00,10.00
1.00,2.00
1.00,2.00
6.00,11.00
1.00,3.00
1.00,1.00
3.00,2.00
3.00,1.00
6.00,5.00
1.00,3.00
1.00,1.00
1.00,2.00
2.00,1.00
18.00,18.00
16.00,34.00
1.00,1.00
2.00,2.00
2.00,3.00
171.00,153.00
29.00,40.00
6.00,47.00
5.00,14.00
265.00,232.00
35.00,34.00
1.00,10.00
30.00,47.00
26.00,39.00
16.00,56.00
18.00,35.00
33.00,34.00
1.00,6.00
13.00,35.00
3.00,10.00
5.00,3.00
7.00,9.00
132.00,128.00
2.00,1.00
43.00,43.00
3.00,2.00
10.00,3.00
12.00,11.00
5.00,5.00
6.00,4.00
1.00,4.00
1.00,1.00
23.00,22.00
7.00,8.00
1.00,0.00
862.00,817.00
22.00,22.00
6.00,3.00
25.00,22.00
11.00,18.00
12.00,16.00
2.00,7.00
6.00,3.00
62.00,54.00
4.00,8.00
73.00,70.00
429.00,453.00
134.00,113.00
6.00,4.00
10.00,10.00
10.00,10.00
11.00,11.00
3.00,4.00
4.00,5.00
6.00,6.00
4.00,4.00
4.00,2.00
4.00,3.00
10.00,7.00
2.00,4.00
7.00,8.00
4.00,6.00
8.00,9.00
4.00,5.00
633.00,601.00
4.00,3.00
3.00,2.00
4.00,1.00
7.00,5.00
1.00,1.00
28.00,33.00
6.00,5.00
2.00,1.00
105.00,106.00
4.00,5.00
2.00,3.00
34.00,34.00
10.00,11.00
37.00,33.00
3.00,3.00
7.00,2.00
15.00,13.00
5.00,6.00
47.00,43.00
4.00,4.00
96.00,92.00
4.00,5.00
20.00,25.00
293.00,277.00
6.00,2.00
1.00,1.00
14.00,10.00
162.00,156.00
27.00,25.00
11.00,10.00
6.00,4.00
3.00,2.00
35.00,39.00
24.00,24.00
93.00,91.00
157.00,149.00
29.00,30.00
7.00,6.00
8.00,8.00
3.00,5.00
19.00,16.00
34.00,24.00
2.00,1.00
10.00,6.00
15.00,14.00
48.00,43.00
108.00,112.00
16.00,8.00
4.00,5.00
16.00,20.00
13.00,10.00
1.00,1.00
1.00,1.00
5.00,6.00
17.00,16.00
11.00,24.00
15.00,21.00
23.00,21.00
27.00,28.00
3368.00,3422.00
10.00,13.00
351.00,316.00
573.00,546.00
11.00,14.00
5.00,5.00
7.00,10.00
55.00,49.00
168.00,171.00
196.00,222.00
155.00,163.00
4536.00,4464.00
12.00,8.00
2862.00,2944.00
597.00,619.00
4.00,3.00
1889.00,1774.00
36.00,33.00
61.00,53.00
141.00,138.00
122.00,84.00
12.00,10.00
30.00,29.00
1.00,3.00
3.00,1.00
1.00,6.00
2.00,2.00
13.00,13.00
5.00,10.00
7.00,9.00
117.00,122.00
207.00,160.00
210.00,186.00
48.00,43.00
73.00,64.00
140.00,127.00
46.00,36.00
43.00,30.00
24.00,17.00
18.00,14.00
12.00,16.00
42.00,42.00
6.00,7.00
18.00,15.00
82.00,64.00
60.00,56.00
27.00,20.00
25.00,26.00
538.00,519.00
2.00,3.00
100.00,84.00
159.00,155.00
295.00,298.00
6.00,5.00
3.00,4.00
175.00,193.00
315.00,331.00
67.00,73.00
16.00,9.00
99.00,85.00
153.00,133.00
305.00,288.00
5.00,5.00
60.00,39.00
73.00,105.00
23.00,20.00
6.00,9.00
1.00,5.00
3.00,7.00
2.00,5.00
16.00,16.00
21.00,43.00
41.00,67.00
19.00,11.00
21.00,8.00
10.00,10.00
1.00,1.00
77.00,81.00
15.00,13.00
278.00,267.00
4.00,7.00
2.00,5.00
4.00,9.00
313.00,309.00
10.00,1.00
39.00,35.00
44.00,42.00
16.00,13.00
23.00,22.00
3.00,6.00
7.00,2.00
920.00,899.00
25.00,24.00
6.00,8.00
310.00,320.00
5.00,5.00
4.00,6.00
7.00,7.00
5.00,5.00
4.00,4.00
10.00,11.00
2.00,2.00
69.00,63.00
7.00,8.00
24.00,24.00
33.00,32.00
50.00,45.00
61.00,56.00
1010.00,975.00
8.00,3.00
3.00,2.00
11.00,8.00
1.00,3.00
4.00,3.00
50.00,44.00
1.00,1.00
2.00,2.00
20.00,20.00
34.00,31.00
62.00,59.00
40.00,36.00
6.00,25.00
68.00,72.00
3.00,3.00
1.00,3.00
143.00,164.00
2.00,3.00
3.00,5.00
69.00,68.00
62.00,56.00
7.00,2.00
7.00,10.00
3.00,6.00
859.00,799.00
251.00,204.00
47.00,43.00
41.00,42.00
100.00,103.00
3.00,4.00
3.00,1.00
46.00,45.00
2.00,6.00
60.00,60.00
40.00,43.00
6.00,9.00
85.00,64.00
10.00,8.00
44.00,52.00
9.00,8.00
73.00,82.00
6.00,4.00
29.00,31.00
19.00,34.00
22.00,17.00
2.00,3.00
24.00,31.00
3.00,3.00
17.00,20.00
39.00,32.00
6.00,6.00
3.00,3.00
80.00,75.00
20.00,20.00
45.00,39.00
57.00,56.00
2.00,6.00
63.00,69.00
4.00,9.00
332.00,303.00
10.00,11.00
44.00,40.00
5.00,8.00
163.00,164.00
1.00,1.00
31.00,28.00
15.00,13.00
67.00,55.00
11.00,10.00
19.00,16.00
11.00,11.00
106.00,106.00
4.00,2.00
11.00,11.00
21.00,23.00
2.00,1.00
42.00,39.00
43.00,40.00
18.00,14.00
83.00,78.00
69.00,66.00
20.00,17.00
10.00,16.00
84.00,77.00
355.00,358.00
5.00,2.00
55.00,51.00
16.00,19.00
10.00,8.00
31.00,37.00
21.00,33.00
114.00,115.00
1155.00,1155.00
122.00,111.00
52.00,51.00
6.00,8.00
1.00,1.00
4.00,2.00
30.00,29.00
79.00,73.00
2.00,4.00
5.00,6.00
6.00,9.00
4.00,6.00
5.00,5.00
11.00,9.00
2.00,3.00
12.00,21.00
73.00,68.00
13.00,11.00
23.00,23.00
146.00,147.00
3.00,1.00
5.00,7.00
1.00,2.00
79.00,74.00
2.00,2.00
13.00,11.00
47.00,57.00
1.00,2.00
2.00,0.00
19.00,22.00
5.00,4.00
67.00,70.00
18.00,24.00
41.00,51.00
8.00,10.00
20.00,32.00
9.00,15.00
4.00,13.00
55.00,50.00
1.00,2.00
631.00,603.00
10.00,19.00
3.00,1.00
17.00,19.00
17.00,27.00
8.00,12.00
3.00,9.00
2.00,6.00
9.00,11.00
1.00,6.00
2.00,3.00
135.00,125.00
86.00,103.00
23.00,26.00
8.00,2.00
121.00,123.00
19.00,19.00
10.00,9.00
115.00,105.00
2.00,4.00
1.00,7.00
18.00,18.00
1.00,4.00
11.00,12.00
5.00,5.00
5.00,7.00
4.00,5.00
6.00,6.00
16.00,15.00
267.00,283.00
13.00,10.00
60.00,60.00
47.00,49.00
48.00,47.00
10.00,13.00
18.00,15.00
576.00,553.00
5.00,3.00
5.00,6.00
74.00,72.00
2.00,8.00
3.00,3.00
27.00,28.00
635.00,607.00
13.00,17.00
2.00,4.00
7.00,9.00
5.00,5.00
159.00,158.00
9.00,12.00
41.00,44.00
4.00,1.00
18.00,20.00
5.00,14.00
11.00,16.00
29.00,33.00
98.00,89.00
8.00,12.00
12.00,9.00
24.00,24.00
43.00,41.00
247.00,209.00
27.00,28.00
2.00,1.00
4.00,2.00
24.00,25.00
507.00,462.00
3.00,1.00
140.00,128.00
22.00,19.00
3.00,3.00
2.00,3.00
601.00,557.00
17.00,20.00
10.00,7.00
128.00,113.00
6.00,5.00
19.00,18.00
55.00,56.00
10.00,10.00
19.00,20.00
2.00,25.00
15.00,17.00
3.00,4.00
2.00,2.00
157.00,146.00
23.00,18.00
8.00,6.00
2.00,1.00
2.00,2.00
30.00,28.00
9.00,12.00
3.00,4.00
3.00,3.00
17.00,20.00
12.00,12.00
10.00,10.00
7.00,8.00
2.00,2.00
28.00,33.00
109.00,116.00
7.00,6.00
37.00,40.00
57.00,60.00
18.00,12.00
7.00,9.00
7.00,5.00
13.00,13.00
388.00,366.00
928.00,897.00
23.00,31.00
39.00,43.00
376.00,367.00
113.00,111.00
20.00,5.00
16.00,9.00
14.00,3.00
9.00,4.00
35.00,35.00
33.00,26.00
53.00,63.00
8.00,4.00
14.00,10.00
3.00,2.00
448.00,421.00
22.00,30.00
2.00,2.00
2.00,1.00
2.00,4.00
3.00,10.00
9.00,9.00
15.00,11.00
36.00,37.00
40.00,42.00
60.00,59.00
9.00,7.00
51.00,53.00
36.00,34.00
11.00,11.00
24.00,24.00
25.00,24.00
300.00,277.00
204.00,179.00
1796.00,1754.00
11.00,12.00
3.00,1.00
4.00,5.00
3.00,2.00
3.00,10.00
14.00,19.00
10.00,12.00
2.00,8.00
3.00,4.00
1.00,2.00
5.00,5.00
9.00,10.00
2.00,3.00
5.00,7.00
1.00,1.00
1.00,5.00
3.00,2.00
8.00,6.00
4.00,1.00
11.00,10.00
113.00,106.00
21.00,22.00
48.00,50.00
10.00,10.00
1.00,7.00
135.00,136.00
68.00,67.00
59.00,58.00
56.00,59.00
32.00,36.00
13.00,13.00
107.00,100.00
39.00,31.00
149.00,145.00
20.00,10.00
83.00,85.00
157.00,151.00
308.00,301.00
311.00,298.00
12.00,15.00
247.00,245.00
144.00,135.00
14.00,14.00
72.00,43.00
65.00,70.00
16.00,11.00
71.00,67.00
4.00,9.00
21.00,44.00
1.00,4.00
131.00,107.00
207.00,194.00
89.00,62.00
39.00,67.00
3.00,1.00
8.00,63.00
3.00,1.00
26.00,32.00
9.00,4.00
1.00,1.00
5.00,7.00
9.00,9.00
28.00,38.00
2.00,4.00
1.00,1.00
20.00,18.00
12.00,12.00
7.00,2.00
6.00,2.00
24.00,22.00
5.00,3.00
3.00,1.00
21.00,1.00
20.00,20.00
11.00,9.00
19.00,16.00
21.00,19.00
1.00,1.00
26.00,24.00
11.00,10.00
2.00,1.00
17.00,20.00
207.00,217.00
222.00,237.00
18.00,17.00
18.00,23.00
37.00,41.00
8.00,10.00
37.00,40.00
2437.00,2183.00
34.00,36.00
21.00,28.00
72.00,76.00
29.00,32.00
10.00,15.00
20.00,25.00
44.00,34.00
21.00,15.00
1.00,1.00
6.00,4.00
99.00,102.00
9.00,7.00
17.00,12.00
28.00,22.00
4.00,1.00
2.00,1.00
18.00,12.00
7.00,6.00
3.00,1.00
38.00,52.00
12.00,3.00
7.00,4.00
5.00,1.00
13.00,4.00
3.00,2.00
8.00,18.00
8.00,6.00
19.00,15.00
25.00,21.00
41.00,48.00
3.00,2.00
4.00,2.00
6.00,14.00
5.00,3.00
5.00,6.00
1.00,2.00
14.00,10.00
29.00,25.00
13.00,9.00
235.00,221.00
6.00,6.00
28.00,22.00
4.00,1.00
48.00,38.00
387.00,387.00
99.00,79.00
1025.00,965.00
36.00,32.00
69.00,60.00
52.00,44.00
118.00,119.00
167.00,158.00
1231.00,1231.00
9.00,6.00
11.00,23.00
65.00,54.00
6.00,5.00
4.00,2.00
22.00,16.00
10.00,7.00
10.00,6.00
26.00,18.00
4.00,1.00
15.00,14.00
140.00,134.00
16.00,10.00
3.00,4.00
6.00,2.00
6.00,2.00
124.00,135.00
413.00,408.00
39.00,32.00
137.00,138.00
23.00,20.00
33.00,55.00
9.00,4.00
55.00,40.00
90.00,81.00
25.00,35.00
31.00,28.00
95.00,95.00
26.00,21.00
118.00,118.00
7.00,5.00
88.00,110.00
4.00,2.00
169.00,168.00
10.00,10.00
774.00,754.00
54.00,47.00
93.00,106.00
3.00,1.00
216.00,234.00
19.00,15.00
1.00,1.00
81.00,78.00
10.00,7.00
34.00,30.00
1.00,17.00
28.00,22.00
26.00,28.00
19.00,1.00
1.00,3.00
7.00,5.00
4.00,2.00
2.00,2.00
172.00,160.00
17.00,13.00
179.00,180.00
2692.00,2574.00
26.00,45.00
242.00,197.00
49.00,77.00
197.00,177.00
31.00,36.00
17.00,17.00
24.00,19.00
11.00,12.00
28.00,24.00
32.00,26.00
10.00,7.00
44.00,34.00
30.00,29.00
22.00,17.00
171.00,148.00
270.00,248.00
2.00,5.00
199.00,182.00
9.00,12.00
27.00,17.00
1.00,4.00
6.00,1.00
15.00,19.00
10.00,3.00
78.00,100.00
8.00,1.00
28.00,13.00
173.00,151.00
571.00,547.00
8.00,6.00
7.00,9.00
5.00,2.00
22.00,20.00
11.00,10.00
57.00,40.00
21.00,19.00
7.00,6.00
10.00,7.00
4.00,7.00
27.00,17.00
3.00,1.00
15.00,9.00
21.00,13.00
52.00,52.00
34.00,24.00
1.00,1.00
24.00,20.00
2.00,3.00
15.00,7.00
15.00,9.00
41.00,21.00
37.00,22.00
21.00,18.00
22.00,11.00
211.00,193.00
2.00,2.00
34.00,30.00
68.00,66.00
32.00,26.00
5.00,6.00
9.00,7.00
64.00,76.00
116.00,116.00
12.00,6.00
323.00,311.00
22.00,20.00
135.00,125.00
13.00,10.00
10.00,10.00
9.00,7.00
148.00,161.00
11.00,7.00
8.00,11.00
9.00,8.00
12.00,11.00
22.00,17.00
1.00,5.00
923.00,784.00
5.00,6.00
8.00,2.00
158.00,148.00
5.00,3.00
3.00,1.00
100.00,93.00
23.00,19.00
412.00,398.00
16.00,13.00
109.00,112.00
23.00,20.00
4.00,5.00
7.00,2.00
28.00,32.00
2.00,1.00
2.00,1.00
55.00,61.00
3.00,2.00
77.00,102.00
9.00,6.00
10.00,7.00
12.00,19.00
3.00,1.00
111.00,113.00
14.00,11.00
54.00,54.00
3.00,1.00
8.00,6.00
11.00,7.00
19.00,14.00
30.00,26.00
48.00,40.00
1.00,3.00
6.00,1.00
54.00,47.00
33.00,33.00
2.00,1.00
72.00,73.00
68.00,69.00
6.00,2.00
3.00,2.00
3.00,1.00
117.00,119.00
3.00,3.00
831.00,833.00
19.00,20.00
5.00,3.00
6.00,2.00
1.00,1.00
14.00,6.00
2.00,2.00
5.00,2.00
5.00,5.00
13.00,7.00
10.00,5.00
16.00,16.00
5.00,2.00
503.00,502.00
7.00,4.00
7.00,9.00
3.00,2.00
6.00,5.00
4.00,2.00
41.00,44.00
7.00,5.00
30.00,32.00
6.00,2.00
71.00,72.00
174.00,162.00
58.00,43.00
13.00,4.00
18.00,16.00
15.00,13.00
13.00,9.00
4.00,1.00
202.00,163.00
15.00,7.00
21.00,15.00
2.00,2.00
22.00,13.00
26.00,21.00
17.00,18.00
10.00,13.00
41.00,39.00
6.00,6.00
22.00,23.00
80.00,67.00
79.00,71.00
5.00,1.00
481.00,489.00
193.00,184.00
101.00,98.00
83.00,88.00
8.00,6.00
6.00,7.00
10.00,2.00
9.00,5.00
13.00,9.00
40.00,27.00
6.00,3.00
40.00,34.00
13.00,10.00
6.00,5.00
3.00,1.00
4.00,4.00
3.00,1.00
16.00,16.00
7.00,1.00
19.00,16.00
71.00,58.00
11.00,18.00
4.00,3.00
7.00,17.00
19.00,18.00
6.00,3.00
11.00,5.00
15.00,15.00
15.00,10.00
37.00,49.00
13.00,10.00
297.00,312.00
7.00,2.00
37.00,44.00
9.00,7.00
5.00,15.00
8.00,4.00
28.00,35.00
8.00,6.00
225.00,214.00
5.00,2.00
7.00,8.00
7.00,5.00
7.00,7.00
10.00,3.00
118.00,111.00
8.00,3.00
37.00,41.00
8.00,2.00
55.00,55.00
5.00,4.00
1.00,3.00
9.00,6.00
8.00,4.00
6.00,7.00
2.00,1.00
2.00,3.00
5.00,7.00
5.00,1.00
4.00,4.00
10.00,4.00
433.00,384.00
5.00,2.00
2.00,2.00
11.00,5.00
3.00,15.00
4.00,1.00
5.00,3.00
5.00,9.00
7.00,3.00
47.00,47.00
32.00,26.00
10.00,12.00
121.00,140.00
23.00,19.00
11.00,11.00
16.00,16.00
11.00,12.00
14.00,17.00
4.00,2.00
24.00,21.00
21.00,14.00
48.00,53.00
3.00,1.00
1.00,2.00
2.00,2.00
13.00,12.00
6.00,3.00
5.00,4.00
19.00,16.00
12.00,11.00
2.00,3.00
42.00,35.00
3.00,5.00
22.00,20.00
37.00,23.00
124.00,128.00
11.00,9.00
234.00,213.00
14.00,12.00
24.00,22.00
6.00,4.00
138.00,124.00
7.00,5.00
1896.00,1885.00
5.00,4.00
9.00,10.00
28.00,31.00
1.00,1.00
556.00,518.00
29.00,16.00
78.00,68.00
4.00,3.00
36.00,30.00
224.00,213.00
54.00,44.00
14.00,21.00
13.00,15.00
12.00,10.00
684.00,663.00
8.00,4.00
5.00,1.00
2.00,1.00
96.00,85.00
5.00,4.00
5.00,1.00
8.00,1.00
9.00,5.00
4.00,5.00
4.00,3.00
16.00,5.00
9.00,7.00
3.00,2.00
3.00,1.00
13.00,15.00
3.00,1.00
745.00,697.00
20.00,21.00
3.00,1.00
3.00,2.00
1.00,3.00
7.00,7.00
3.00,1.00
6.00,3.00
18.00,12.00
3.00,1.00
15.00,15.00
3.00,1.00
5.00,5.00
2.00,2.00
8.00,10.00
16.00,13.00
13.00,15.00
3.00,2.00
3.00,1.00
15.00,15.00
1.00,3.00
36.00,34.00
3.00,2.00
16.00,6.00
36.00,34.00
7.00,6.00
24.00,25.00
9.00,8.00
17.00,20.00
80.00,72.00
8.00,10.00
5.00,4.00
1038.00,967.00
10.00,8.00
25.00,19.00
5.00,1.00
5.00,5.00
5.00,1.00
5.00,4.00
5.00,1.00
5.00,2.00
7.00,5.00
33.00,31.00
8.00,6.00
39.00,31.00
8.00,6.00
6.00,2.00
6.00,1.00
121.00,106.00
7.00,3.00
101.00,100.00
5.00,7.00
8.00,6.00
100.00,102.00
3.00,2.00
18.00,10.00
6.00,8.00
4.00,1.00
1.00,5.00
3.00,1.00
29.00,27.00
5.00,5.00
6.00,2.00
74.00,70.00
10.00,7.00
5.00,6.00
6.00,1.00
2.00,2.00
7.00,2.00
3.00,4.00
9.00,1.00
2.00,3.00
15.00,2.00
2.00,3.00
8.00,2.00
26.00,24.00
8.00,1.00
2.00,2.00
7.00,6.00
3.00,6.00
7.00,5.00
13.00,14.00
21.00,8.00
10.00,10.00
7.00,2.00
8.00,23.00
16.00,16.00
2.00,1.00
60.00,61.00
11.00,9.00
10.00,10.00
11.00,8.00
2.00,2.00
9.00,7.00
10.00,12.00
35.00,31.00
3.00,1.00
1.00,1.00
3.00,1.00
2.00,2.00
14.00,8.00
393.00,352.00
17.00,20.00
3.00,1.00
17.00,15.00
95.00,88.00
13.00,16.00
5.00,3.00
5.00,7.00
52.00,48.00
179.00,165.00
216.00,192.00
18.00,15.00
8.00,6.00
6.00,5.00
8.00,10.00
12.00,10.00
21.00,20.00
8.00,7.00
33.00,38.00
29.00,29.00
2.00,2.00
11.00,10.00
17.00,16.00
5.00,5.00
9.00,14.00
17.00,15.00
3.00,2.00
4.00,5.00
7.00,11.00
41.00,39.00
6.00,11.00
49.00,51.00
13.00,14.00
3.00,3.00
15.00,13.00
11.00,11.00
40.00,40.00
6.00,5.00
59.00,58.00
13.00,13.00
4.00,3.00
8.00,8.00
10.00,13.00
28.00,23.00
184.00,181.00
42.00,40.00
23.00,15.00
10.00,9.00
55.00,55.00
128.00,123.00
2.00,4.00
10.00,14.00
186.00,174.00
36.00,42.00
7.00,5.00
8.00,12.00
6.00,11.00
4.00,2.00
1.00,1.00
3.00,3.00
30.00,29.00
29.00,17.00
2.00,2.00
1.00,2.00
2.00,3.00
9.00,8.00
3.00,5.00
4.00,3.00
52.00,66.00
25.00,32.00
92.00,107.00
2493.00,2359.00
1.00,1.00
46.00,44.00
55.00,44.00
24.00,21.00